/*******************************************************************************
 * Size: 32 px
 * Bpp: 4
 * Opts: --bpp 4 --size 32 --font /Users/noodle/SquareLine/assets/LiberationSans-Bold.ttf -o /Users/noodle/SquareLine/assets/ui_font_LiberstionSansBold_32_MPH.c --format lvgl -r 0x20-0x7f --no-compress --no-prefilter
 ******************************************************************************/

#include "../ui.h"

#ifndef UI_FONT_LIBERSTIONSANSBOLD_32_MPH
#define UI_FONT_LIBERSTIONSANSBOLD_32_MPH 1
#endif

#if UI_FONT_LIBERSTIONSANSBOLD_32_MPH

/*-----------------
 *    BITMAPS
 *----------------*/

/*Store the image of the glyphs*/
static LV_ATTRIBUTE_LARGE_CONST const uint8_t glyph_bitmap[] = {
    /* U+0020 " " */

    /* U+0021 "!" */
    0xff, 0xff, 0x9f, 0xff, 0xf8, 0xef, 0xff, 0x8d,
    0xff, 0xf7, 0xdf, 0xff, 0x7c, 0xff, 0xf6, 0xcf,
    0xff, 0x6b, 0xff, 0xf5, 0xbf, 0xff, 0x5a, 0xff,
    0xf4, 0xaf, 0xff, 0x49, 0xff, 0xf3, 0x9f, 0xff,
    0x38, 0xff, 0xf2, 0x8f, 0xff, 0x21, 0x22, 0x20,
    0x0, 0x0, 0x2, 0x22, 0x21, 0xff, 0xff, 0x8f,
    0xff, 0xf8, 0xff, 0xff, 0x8f, 0xff, 0xf8,

    /* U+0022 "\"" */
    0xdf, 0xff, 0x50, 0x3f, 0xff, 0xf0, 0xdf, 0xff,
    0x40, 0x2f, 0xff, 0xf0, 0xcf, 0xff, 0x30, 0x1f,
    0xff, 0xe0, 0xbf, 0xff, 0x20, 0xf, 0xff, 0xd0,
    0xaf, 0xff, 0x20, 0xf, 0xff, 0xc0, 0x9f, 0xff,
    0x10, 0xf, 0xff, 0xb0, 0x8f, 0xff, 0x0, 0xe,
    0xff, 0xa0, 0x6e, 0xed, 0x0, 0xb, 0xee, 0x80,

    /* U+0023 "#" */
    0x0, 0x0, 0x0, 0xbf, 0xa0, 0x0, 0x8, 0xfe,
    0x0, 0x0, 0x0, 0x0, 0xef, 0x70, 0x0, 0xb,
    0xfb, 0x0, 0x0, 0x0, 0x1, 0xff, 0x40, 0x0,
    0xe, 0xf8, 0x0, 0x0, 0x0, 0x5, 0xff, 0x10,
    0x0, 0x1f, 0xf5, 0x0, 0x0, 0x0, 0x8, 0xfe,
    0x0, 0x0, 0x4f, 0xf2, 0x0, 0x0, 0x0, 0xb,
    0xfb, 0x0, 0x0, 0x7f, 0xf0, 0x0, 0x2, 0x44,
    0x4e, 0xfa, 0x44, 0x44, 0xbf, 0xd4, 0x41, 0xa,
    0xff, 0xff, 0xff, 0xff, 0xff, 0xff, 0xff, 0xf4,
    0xa, 0xff, 0xff, 0xff, 0xff, 0xff, 0xff, 0xff,
    0xf4, 0x0, 0x0, 0x8f, 0xe0, 0x0, 0x4, 0xff,
    0x10, 0x0, 0x0, 0x0, 0xcf, 0xa0, 0x0, 0x8,
    0xfd, 0x0, 0x0, 0x0, 0x0, 0xff, 0x60, 0x0,
    0xc, 0xfa, 0x0, 0x0, 0x0, 0x3, 0xff, 0x20,
    0x0, 0xf, 0xf6, 0x0, 0x0, 0x24, 0x49, 0xff,
    0x44, 0x44, 0x7f, 0xf7, 0x44, 0x20, 0x7f, 0xff,
    0xff, 0xff, 0xff, 0xff, 0xff, 0xff, 0x70, 0x7f,
    0xff, 0xff, 0xff, 0xff, 0xff, 0xff, 0xff, 0x70,
    0x0, 0x2f, 0xf4, 0x0, 0x0, 0xef, 0x80, 0x0,
    0x0, 0x0, 0x5f, 0xf1, 0x0, 0x2, 0xff, 0x50,
    0x0, 0x0, 0x0, 0x8f, 0xd0, 0x0, 0x5, 0xff,
    0x10, 0x0, 0x0, 0x0, 0xcf, 0xa0, 0x0, 0x8,
    0xfe, 0x0, 0x0, 0x0, 0x0, 0xff, 0x60, 0x0,
    0xc, 0xfa, 0x0, 0x0, 0x0, 0x2, 0xff, 0x30,
    0x0, 0xf, 0xf7, 0x0, 0x0, 0x0,

    /* U+0024 "$" */
    0x0, 0x0, 0x0, 0x0, 0xed, 0x0, 0x0, 0x0,
    0x0, 0x0, 0x0, 0x6b, 0xef, 0xff, 0xfd, 0x93,
    0x0, 0x0, 0x0, 0x2d, 0xff, 0xff, 0xff, 0xff,
    0xff, 0x90, 0x0, 0x0, 0xef, 0xff, 0xff, 0xff,
    0xff, 0xff, 0xf7, 0x0, 0x7, 0xff, 0xff, 0x83,
    0xed, 0x5d, 0xff, 0xff, 0x10, 0xc, 0xff, 0xf8,
    0x0, 0xed, 0x1, 0xef, 0xff, 0x60, 0xd, 0xff,
    0xf4, 0x0, 0xed, 0x0, 0x8f, 0xfe, 0x80, 0xc,
    0xff, 0xf5, 0x0, 0xed, 0x0, 0x12, 0x0, 0x0,
    0xa, 0xff, 0xfd, 0x20, 0xed, 0x0, 0x0, 0x0,
    0x0, 0x4, 0xff, 0xff, 0xfb, 0xed, 0x0, 0x0,
    0x0, 0x0, 0x0, 0xbf, 0xff, 0xff, 0xff, 0xfa,
    0x50, 0x0, 0x0, 0x0, 0xb, 0xff, 0xff, 0xff,
    0xff, 0xfe, 0x70, 0x0, 0x0, 0x0, 0x5c, 0xff,
    0xff, 0xff, 0xff, 0xfb, 0x0, 0x0, 0x0, 0x0,
    0x16, 0xff, 0xff, 0xff, 0xff, 0x70, 0x0, 0x0,
    0x0, 0x0, 0xed, 0x27, 0xff, 0xff, 0xe0, 0x0,
    0x0, 0x0, 0x0, 0xed, 0x0, 0x2f, 0xff, 0xf3,
    0x3, 0x6a, 0x60, 0x0, 0xed, 0x0, 0xc, 0xff,
    0xf5, 0x7f, 0xff, 0xc0, 0x0, 0xed, 0x0, 0xc,
    0xff, 0xf4, 0x2f, 0xff, 0xf5, 0x0, 0xed, 0x0,
    0x2f, 0xff, 0xf2, 0xb, 0xff, 0xff, 0x83, 0xed,
    0x47, 0xef, 0xff, 0xc0, 0x2, 0xff, 0xff, 0xff,
    0xff, 0xff, 0xff, 0xff, 0x30, 0x0, 0x3d, 0xff,
    0xff, 0xff, 0xff, 0xff, 0xe4, 0x0, 0x0, 0x0,
    0x6b, 0xef, 0xff, 0xfe, 0xb7, 0x10, 0x0, 0x0,
    0x0, 0x0, 0x0, 0xed, 0x0, 0x0, 0x0, 0x0,
    0x0, 0x0, 0x0, 0x0, 0xed, 0x0, 0x0, 0x0,
    0x0, 0x0, 0x0, 0x0, 0x0, 0xba, 0x0, 0x0,
    0x0, 0x0,

    /* U+0025 "%" */
    0x0, 0x6, 0xce, 0xfe, 0xa3, 0x0, 0x0, 0x0,
    0x0, 0x8, 0xff, 0xb0, 0x0, 0x0, 0x0, 0xaf,
    0xff, 0xff, 0xff, 0x50, 0x0, 0x0, 0x0, 0x3f,
    0xff, 0x10, 0x0, 0x0, 0x5, 0xff, 0xfa, 0x7c,
    0xff, 0xe1, 0x0, 0x0, 0x0, 0xdf, 0xf6, 0x0,
    0x0, 0x0, 0xc, 0xff, 0xa0, 0x1, 0xef, 0xf6,
    0x0, 0x0, 0x8, 0xff, 0xb0, 0x0, 0x0, 0x0,
    0xf, 0xff, 0x50, 0x0, 0xaf, 0xfa, 0x0, 0x0,
    0x2f, 0xff, 0x20, 0x0, 0x0, 0x0, 0x2f, 0xff,
    0x30, 0x0, 0x9f, 0xfc, 0x0, 0x0, 0xcf, 0xf7,
    0x0, 0x0, 0x0, 0x0, 0x3f, 0xff, 0x20, 0x0,
    0x8f, 0xfd, 0x0, 0x7, 0xff, 0xc0, 0x0, 0x0,
    0x0, 0x0, 0x2f, 0xff, 0x20, 0x0, 0x8f, 0xfd,
    0x0, 0x2f, 0xff, 0x20, 0x0, 0x0, 0x0, 0x0,
    0x1f, 0xff, 0x40, 0x0, 0xaf, 0xfb, 0x0, 0xcf,
    0xf7, 0x7, 0xcf, 0xfd, 0x81, 0x0, 0xd, 0xff,
    0x70, 0x0, 0xdf, 0xf8, 0x6, 0xff, 0xc1, 0xcf,
    0xff, 0xff, 0xfe, 0x10, 0x8, 0xff, 0xe4, 0x17,
    0xff, 0xf2, 0x2f, 0xff, 0x28, 0xff, 0xf8, 0x7e,
    0xff, 0xb0, 0x0, 0xdf, 0xff, 0xff, 0xff, 0x80,
    0xbf, 0xf8, 0xe, 0xff, 0x60, 0x3, 0xff, 0xf1,
    0x0, 0x1c, 0xff, 0xff, 0xf8, 0x6, 0xff, 0xd0,
    0x3f, 0xff, 0x10, 0x0, 0xff, 0xf5, 0x0, 0x0,
    0x25, 0x64, 0x0, 0x1e, 0xff, 0x30, 0x5f, 0xff,
    0x0, 0x0, 0xdf, 0xf8, 0x0, 0x0, 0x0, 0x0,
    0x0, 0xbf, 0xf8, 0x0, 0x6f, 0xff, 0x0, 0x0,
    0xcf, 0xf9, 0x0, 0x0, 0x0, 0x0, 0x5, 0xff,
    0xd0, 0x0, 0x6f, 0xff, 0x0, 0x0, 0xcf, 0xf9,
    0x0, 0x0, 0x0, 0x0, 0x1e, 0xff, 0x30, 0x0,
    0x5f, 0xff, 0x0, 0x0, 0xdf, 0xf8, 0x0, 0x0,
    0x0, 0x0, 0xaf, 0xf9, 0x0, 0x0, 0x3f, 0xff,
    0x20, 0x0, 0xff, 0xf5, 0x0, 0x0, 0x0, 0x4,
    0xff, 0xd0, 0x0, 0x0, 0xe, 0xff, 0x70, 0x4,
    0xff, 0xf1, 0x0, 0x0, 0x0, 0x1e, 0xff, 0x40,
    0x0, 0x0, 0x7, 0xff, 0xf8, 0x7e, 0xff, 0xa0,
    0x0, 0x0, 0x0, 0x9f, 0xf9, 0x0, 0x0, 0x0,
    0x0, 0xbf, 0xff, 0xff, 0xfd, 0x10, 0x0, 0x0,
    0x4, 0xff, 0xe0, 0x0, 0x0, 0x0, 0x0, 0x7,
    0xcf, 0xfd, 0x80, 0x0,

    /* U+0026 "&" */
    0x0, 0x0, 0x0, 0x18, 0xcf, 0xfe, 0xb6, 0x0,
    0x0, 0x0, 0x0, 0x0, 0x0, 0x2, 0xef, 0xff,
    0xff, 0xff, 0xc0, 0x0, 0x0, 0x0, 0x0, 0x0,
    0xd, 0xff, 0xfc, 0xae, 0xff, 0xf9, 0x0, 0x0,
    0x0, 0x0, 0x0, 0x4f, 0xff, 0x70, 0x0, 0xcf,
    0xff, 0x0, 0x0, 0x0, 0x0, 0x0, 0x6f, 0xff,
    0x0, 0x0, 0x7f, 0xff, 0x10, 0x0, 0x0, 0x0,
    0x0, 0x7f, 0xff, 0x0, 0x0, 0xaf, 0xff, 0x0,
    0x0, 0x0, 0x0, 0x0, 0x4f, 0xff, 0x20, 0x7,
    0xff, 0xf9, 0x0, 0x0, 0x0, 0x0, 0x0, 0xf,
    0xff, 0x95, 0xcf, 0xff, 0xc0, 0x0, 0x0, 0x0,
    0x0, 0x0, 0xa, 0xff, 0xff, 0xff, 0xfa, 0x0,
    0x0, 0x0, 0x0, 0x0, 0x0, 0x2b, 0xff, 0xff,
    0xfc, 0x40, 0x0, 0x0, 0x0, 0x0, 0x0, 0x7,
    0xff, 0xff, 0xff, 0x50, 0x0, 0x0, 0xb7, 0x20,
    0x0, 0x0, 0xaf, 0xff, 0xff, 0xff, 0x90, 0x0,
    0x3, 0xff, 0xf5, 0x0, 0x8, 0xff, 0xff, 0x8c,
    0xff, 0xf4, 0x0, 0x9, 0xff, 0xf0, 0x0, 0x1f,
    0xff, 0xf5, 0x2, 0xff, 0xfe, 0x10, 0x1f, 0xff,
    0xa0, 0x0, 0x6f, 0xff, 0xa0, 0x0, 0x7f, 0xff,
    0xc0, 0x9f, 0xff, 0x40, 0x0, 0x9f, 0xff, 0x60,
    0x0, 0xb, 0xff, 0xfa, 0xff, 0xfb, 0x0, 0x0,
    0x8f, 0xff, 0x70, 0x0, 0x1, 0xdf, 0xff, 0xff,
    0xf2, 0x0, 0x0, 0x6f, 0xff, 0xc0, 0x0, 0x0,
    0x2f, 0xff, 0xff, 0xb0, 0x0, 0x0, 0x1f, 0xff,
    0xfb, 0x20, 0x0, 0x7f, 0xff, 0xff, 0xfb, 0x54,
    0x60, 0x6, 0xff, 0xff, 0xfe, 0xdf, 0xff, 0xff,
    0xff, 0xff, 0xff, 0xf1, 0x0, 0x6f, 0xff, 0xff,
    0xff, 0xff, 0xe6, 0x8f, 0xff, 0xff, 0xf1, 0x0,
    0x1, 0x7b, 0xef, 0xfe, 0xa5, 0x0, 0x2, 0x8d,
    0xff, 0xd1,

    /* U+0027 "'" */
    0x4f, 0xff, 0xe3, 0xff, 0xfd, 0x2f, 0xff, 0xd1,
    0xff, 0xfc, 0x1f, 0xff, 0xb0, 0xff, 0xfa, 0xf,
    0xff, 0x90, 0xce, 0xe7,

    /* U+0028 "(" */
    0x0, 0x0, 0x2f, 0xff, 0xf4, 0x0, 0x0, 0xbf,
    0xff, 0xa0, 0x0, 0x5, 0xff, 0xff, 0x10, 0x0,
    0xd, 0xff, 0xf8, 0x0, 0x0, 0x5f, 0xff, 0xf1,
    0x0, 0x0, 0xcf, 0xff, 0xa0, 0x0, 0x1, 0xff,
    0xff, 0x40, 0x0, 0x6, 0xff, 0xfe, 0x0, 0x0,
    0xb, 0xff, 0xfa, 0x0, 0x0, 0xe, 0xff, 0xf7,
    0x0, 0x0, 0x1f, 0xff, 0xf4, 0x0, 0x0, 0x3f,
    0xff, 0xf2, 0x0, 0x0, 0x4f, 0xff, 0xf0, 0x0,
    0x0, 0x5f, 0xff, 0xf0, 0x0, 0x0, 0x6f, 0xff,
    0xe0, 0x0, 0x0, 0x6f, 0xff, 0xf0, 0x0, 0x0,
    0x5f, 0xff, 0xf0, 0x0, 0x0, 0x4f, 0xff, 0xf0,
    0x0, 0x0, 0x3f, 0xff, 0xf2, 0x0, 0x0, 0x1f,
    0xff, 0xf4, 0x0, 0x0, 0xe, 0xff, 0xf7, 0x0,
    0x0, 0xa, 0xff, 0xfa, 0x0, 0x0, 0x6, 0xff,
    0xfe, 0x0, 0x0, 0x1, 0xff, 0xff, 0x40, 0x0,
    0x0, 0xbf, 0xff, 0xa0, 0x0, 0x0, 0x4f, 0xff,
    0xf1, 0x0, 0x0, 0xd, 0xff, 0xf8, 0x0, 0x0,
    0x4, 0xff, 0xff, 0x10, 0x0, 0x0, 0xbf, 0xff,
    0xa0, 0x0, 0x0, 0x2f, 0xff, 0xf4,

    /* U+0029 ")" */
    0xaf, 0xff, 0xb0, 0x0, 0x0, 0x1e, 0xff, 0xf6,
    0x0, 0x0, 0x6, 0xff, 0xfe, 0x0, 0x0, 0x0,
    0xdf, 0xff, 0x80, 0x0, 0x0, 0x6f, 0xff, 0xe0,
    0x0, 0x0, 0xf, 0xff, 0xf6, 0x0, 0x0, 0x9,
    0xff, 0xfc, 0x0, 0x0, 0x4, 0xff, 0xff, 0x10,
    0x0, 0x0, 0xff, 0xff, 0x50, 0x0, 0x0, 0xcf,
    0xff, 0x80, 0x0, 0x0, 0x9f, 0xff, 0xb0, 0x0,
    0x0, 0x7f, 0xff, 0xd0, 0x0, 0x0, 0x6f, 0xff,
    0xf0, 0x0, 0x0, 0x5f, 0xff, 0xf0, 0x0, 0x0,
    0x4f, 0xff, 0xf0, 0x0, 0x0, 0x4f, 0xff, 0xf0,
    0x0, 0x0, 0x5f, 0xff, 0xf0, 0x0, 0x0, 0x6f,
    0xff, 0xf0, 0x0, 0x0, 0x7f, 0xff, 0xd0, 0x0,
    0x0, 0x9f, 0xff, 0xb0, 0x0, 0x0, 0xcf, 0xff,
    0x80, 0x0, 0x0, 0xff, 0xff, 0x50, 0x0, 0x4,
    0xff, 0xff, 0x10, 0x0, 0xa, 0xff, 0xfb, 0x0,
    0x0, 0xf, 0xff, 0xf6, 0x0, 0x0, 0x6f, 0xff,
    0xe0, 0x0, 0x0, 0xdf, 0xff, 0x70, 0x0, 0x7,
    0xff, 0xfe, 0x0, 0x0, 0x1e, 0xff, 0xf6, 0x0,
    0x0, 0xaf, 0xff, 0xb0, 0x0, 0x0,

    /* U+002A "*" */
    0x0, 0x0, 0x5f, 0xfe, 0x0, 0x0, 0x0, 0x0,
    0x4, 0xff, 0xd0, 0x0, 0x0, 0x3, 0x0, 0x3f,
    0xfc, 0x0, 0x2, 0x2, 0xfc, 0x53, 0xff, 0xb2,
    0x9f, 0xa0, 0x8f, 0xff, 0xff, 0xff, 0xff, 0xff,
    0x9, 0xff, 0xff, 0xff, 0xff, 0xff, 0xe3, 0x0,
    0x38, 0xff, 0xff, 0xd5, 0x10, 0x0, 0x0, 0xcf,
    0xff, 0xff, 0x50, 0x0, 0x0, 0xbf, 0xfd, 0x6f,
    0xff, 0x30, 0x0, 0x9f, 0xff, 0x40, 0xcf, 0xfe,
    0x20, 0x2, 0xcf, 0xa0, 0x3, 0xff, 0x70, 0x0,
    0x0, 0x71, 0x0, 0x7, 0x20, 0x0,

    /* U+002B "+" */
    0x0, 0x0, 0x0, 0x0, 0x0, 0x0, 0x0, 0x0,
    0x0, 0x0, 0x0, 0x6, 0xff, 0xf1, 0x0, 0x0,
    0x0, 0x0, 0x0, 0x0, 0x6f, 0xff, 0x10, 0x0,
    0x0, 0x0, 0x0, 0x0, 0x6, 0xff, 0xf1, 0x0,
    0x0, 0x0, 0x0, 0x0, 0x0, 0x6f, 0xff, 0x10,
    0x0, 0x0, 0x0, 0x0, 0x0, 0x6, 0xff, 0xf1,
    0x0, 0x0, 0x0, 0x0, 0x0, 0x0, 0x6f, 0xff,
    0x10, 0x0, 0x0, 0xa, 0xff, 0xff, 0xff, 0xff,
    0xff, 0xff, 0xff, 0xf6, 0xaf, 0xff, 0xff, 0xff,
    0xff, 0xff, 0xff, 0xff, 0x6a, 0xff, 0xff, 0xff,
    0xff, 0xff, 0xff, 0xff, 0xf6, 0x47, 0x77, 0x77,
    0xaf, 0xff, 0x87, 0x77, 0x77, 0x20, 0x0, 0x0,
    0x6, 0xff, 0xf1, 0x0, 0x0, 0x0, 0x0, 0x0,
    0x0, 0x6f, 0xff, 0x10, 0x0, 0x0, 0x0, 0x0,
    0x0, 0x6, 0xff, 0xf1, 0x0, 0x0, 0x0, 0x0,
    0x0, 0x0, 0x6f, 0xff, 0x10, 0x0, 0x0, 0x0,
    0x0, 0x0, 0x6, 0xff, 0xf1, 0x0, 0x0, 0x0,
    0x0, 0x0, 0x0, 0x6f, 0xff, 0x10, 0x0, 0x0,
    0x0,

    /* U+002C "," */
    0x8b, 0xbb, 0x8c, 0xff, 0xfc, 0xcf, 0xff, 0xcc,
    0xff, 0xfc, 0xcf, 0xff, 0xb0, 0xc, 0xfa, 0x0,
    0xff, 0x80, 0x5f, 0xf4, 0xd, 0xfe, 0x7, 0xff,
    0x50,

    /* U+002D "-" */
    0x9c, 0xcc, 0xcc, 0xcc, 0x4c, 0xff, 0xff, 0xff,
    0xf6, 0xcf, 0xff, 0xff, 0xff, 0x6c, 0xff, 0xff,
    0xff, 0xf6,

    /* U+002E "." */
    0x9b, 0xbb, 0x7d, 0xff, 0xfb, 0xdf, 0xff, 0xbd,
    0xff, 0xfb, 0xdf, 0xff, 0xb0,

    /* U+002F "/" */
    0x0, 0x0, 0x3f, 0xff, 0x70, 0x0, 0x6, 0xff,
    0xf4, 0x0, 0x0, 0xaf, 0xff, 0x10, 0x0, 0xd,
    0xff, 0xe0, 0x0, 0x0, 0xff, 0xfb, 0x0, 0x0,
    0x3f, 0xff, 0x80, 0x0, 0x6, 0xff, 0xf5, 0x0,
    0x0, 0x9f, 0xff, 0x20, 0x0, 0xc, 0xff, 0xf0,
    0x0, 0x0, 0xff, 0xfc, 0x0, 0x0, 0x2f, 0xff,
    0x90, 0x0, 0x5, 0xff, 0xf6, 0x0, 0x0, 0x8f,
    0xff, 0x30, 0x0, 0xc, 0xff, 0xf0, 0x0, 0x0,
    0xff, 0xfd, 0x0, 0x0, 0x2f, 0xff, 0xa0, 0x0,
    0x5, 0xff, 0xf7, 0x0, 0x0, 0x8f, 0xff, 0x30,
    0x0, 0xb, 0xff, 0xf0, 0x0, 0x0, 0xef, 0xfd,
    0x0, 0x0, 0x1f, 0xff, 0xa0, 0x0, 0x4, 0xff,
    0xf7, 0x0, 0x0, 0x7f, 0xff, 0x40, 0x0, 0x5,
    0x88, 0x81, 0x0, 0x0,

    /* U+0030 "0" */
    0x0, 0x0, 0x5b, 0xef, 0xfd, 0x93, 0x0, 0x0,
    0x0, 0x1b, 0xff, 0xff, 0xff, 0xff, 0x80, 0x0,
    0x0, 0xbf, 0xff, 0xff, 0xff, 0xff, 0xf7, 0x0,
    0x5, 0xff, 0xff, 0xb7, 0x7d, 0xff, 0xff, 0x10,
    0xc, 0xff, 0xfa, 0x0, 0x0, 0xef, 0xff, 0x80,
    0x1f, 0xff, 0xf3, 0x0, 0x0, 0x7f, 0xff, 0xd0,
    0x5f, 0xff, 0xf0, 0x0, 0x0, 0x3f, 0xff, 0xf1,
    0x8f, 0xff, 0xc0, 0x0, 0x0, 0x1f, 0xff, 0xf3,
    0x9f, 0xff, 0xb0, 0x0, 0x0, 0xf, 0xff, 0xf5,
    0xbf, 0xff, 0xa0, 0x0, 0x0, 0xf, 0xff, 0xf6,
    0xbf, 0xff, 0xa0, 0x0, 0x0, 0xe, 0xff, 0xf7,
    0xbf, 0xff, 0xa0, 0x0, 0x0, 0xe, 0xff, 0xf7,
    0xaf, 0xff, 0xa0, 0x0, 0x0, 0xf, 0xff, 0xf6,
    0x9f, 0xff, 0xb0, 0x0, 0x0, 0xf, 0xff, 0xf5,
    0x7f, 0xff, 0xc0, 0x0, 0x0, 0x1f, 0xff, 0xf3,
    0x4f, 0xff, 0xf0, 0x0, 0x0, 0x4f, 0xff, 0xf0,
    0x1f, 0xff, 0xf3, 0x0, 0x0, 0x8f, 0xff, 0xc0,
    0xb, 0xff, 0xfb, 0x0, 0x1, 0xef, 0xff, 0x60,
    0x3, 0xff, 0xff, 0xc7, 0x8e, 0xff, 0xfe, 0x0,
    0x0, 0x9f, 0xff, 0xff, 0xff, 0xff, 0xf4, 0x0,
    0x0, 0xa, 0xff, 0xff, 0xff, 0xff, 0x50, 0x0,
    0x0, 0x0, 0x4a, 0xdf, 0xfd, 0x82, 0x0, 0x0,

    /* U+0031 "1" */
    0x0, 0x0, 0x3d, 0xff, 0xfd, 0x0, 0x0, 0x0,
    0x0, 0x9f, 0xff, 0xff, 0xd0, 0x0, 0x0, 0x4,
    0xef, 0xff, 0xff, 0xfd, 0x0, 0x0, 0x8, 0xff,
    0xff, 0xff, 0xff, 0xd0, 0x0, 0x0, 0xdf, 0xfe,
    0x58, 0xff, 0xfd, 0x0, 0x0, 0xd, 0xf9, 0x10,
    0x8f, 0xff, 0xd0, 0x0, 0x0, 0xa3, 0x0, 0x8,
    0xff, 0xfd, 0x0, 0x0, 0x0, 0x0, 0x0, 0x8f,
    0xff, 0xd0, 0x0, 0x0, 0x0, 0x0, 0x8, 0xff,
    0xfd, 0x0, 0x0, 0x0, 0x0, 0x0, 0x8f, 0xff,
    0xd0, 0x0, 0x0, 0x0, 0x0, 0x8, 0xff, 0xfd,
    0x0, 0x0, 0x0, 0x0, 0x0, 0x8f, 0xff, 0xd0,
    0x0, 0x0, 0x0, 0x0, 0x8, 0xff, 0xfd, 0x0,
    0x0, 0x0, 0x0, 0x0, 0x8f, 0xff, 0xd0, 0x0,
    0x0, 0x0, 0x0, 0x8, 0xff, 0xfd, 0x0, 0x0,
    0x0, 0x0, 0x0, 0x8f, 0xff, 0xd0, 0x0, 0x0,
    0x0, 0x0, 0x8, 0xff, 0xfd, 0x0, 0x0, 0x0,
    0x0, 0x0, 0x8f, 0xff, 0xd0, 0x0, 0x0, 0x33,
    0x33, 0x3a, 0xff, 0xfe, 0x33, 0x33, 0x3f, 0xff,
    0xff, 0xff, 0xff, 0xff, 0xff, 0xfe, 0xff, 0xff,
    0xff, 0xff, 0xff, 0xff, 0xff, 0xef, 0xff, 0xff,
    0xff, 0xff, 0xff, 0xff, 0xfe,

    /* U+0032 "2" */
    0x0, 0x1, 0x7b, 0xef, 0xfe, 0xa6, 0x0, 0x0,
    0x0, 0x4e, 0xff, 0xff, 0xff, 0xff, 0xd3, 0x0,
    0x3, 0xff, 0xff, 0xff, 0xff, 0xff, 0xfe, 0x20,
    0xd, 0xff, 0xff, 0xb8, 0x8d, 0xff, 0xff, 0xa0,
    0x4f, 0xff, 0xf7, 0x0, 0x0, 0xcf, 0xff, 0xf0,
    0x8f, 0xff, 0xe0, 0x0, 0x0, 0x6f, 0xff, 0xf1,
    0x35, 0x55, 0x30, 0x0, 0x0, 0x5f, 0xff, 0xf2,
    0x0, 0x0, 0x0, 0x0, 0x0, 0x9f, 0xff, 0xf0,
    0x0, 0x0, 0x0, 0x0, 0x2, 0xff, 0xff, 0xa0,
    0x0, 0x0, 0x0, 0x0, 0x1d, 0xff, 0xff, 0x30,
    0x0, 0x0, 0x0, 0x2, 0xef, 0xff, 0xf7, 0x0,
    0x0, 0x0, 0x0, 0x4f, 0xff, 0xff, 0x90, 0x0,
    0x0, 0x0, 0x6, 0xff, 0xff, 0xf7, 0x0, 0x0,
    0x0, 0x0, 0x8f, 0xff, 0xff, 0x50, 0x0, 0x0,
    0x0, 0x9, 0xff, 0xff, 0xd2, 0x0, 0x0, 0x0,
    0x0, 0x8f, 0xff, 0xfc, 0x10, 0x0, 0x0, 0x0,
    0x5, 0xff, 0xff, 0xb0, 0x0, 0x0, 0x0, 0x0,
    0x1f, 0xff, 0xfd, 0x0, 0x0, 0x0, 0x0, 0x0,
    0x9f, 0xff, 0xfb, 0x99, 0x99, 0x99, 0x99, 0x94,
    0xef, 0xff, 0xff, 0xff, 0xff, 0xff, 0xff, 0xf8,
    0xef, 0xff, 0xff, 0xff, 0xff, 0xff, 0xff, 0xf8,
    0xef, 0xff, 0xff, 0xff, 0xff, 0xff, 0xff, 0xf8,

    /* U+0033 "3" */
    0x0, 0x0, 0x17, 0xbe, 0xff, 0xda, 0x50, 0x0,
    0x0, 0x0, 0x6f, 0xff, 0xff, 0xff, 0xff, 0xd3,
    0x0, 0x0, 0x6f, 0xff, 0xff, 0xff, 0xff, 0xff,
    0xe2, 0x0, 0x2f, 0xff, 0xff, 0xa7, 0x9e, 0xff,
    0xff, 0xa0, 0x8, 0xff, 0xff, 0x30, 0x0, 0x1e,
    0xff, 0xff, 0x0, 0xcf, 0xff, 0xa0, 0x0, 0x0,
    0x7f, 0xff, 0xf0, 0x0, 0x0, 0x0, 0x0, 0x0,
    0x7, 0xff, 0xff, 0x0, 0x0, 0x0, 0x0, 0x0,
    0x0, 0xbf, 0xff, 0xb0, 0x0, 0x0, 0x0, 0x0,
    0x13, 0xaf, 0xff, 0xf3, 0x0, 0x0, 0x0, 0x9,
    0xff, 0xff, 0xff, 0xe4, 0x0, 0x0, 0x0, 0x0,
    0x9f, 0xff, 0xfe, 0x60, 0x0, 0x0, 0x0, 0x0,
    0x9, 0xff, 0xff, 0xff, 0xc4, 0x0, 0x0, 0x0,
    0x0, 0x48, 0x8a, 0xef, 0xff, 0xf6, 0x0, 0x0,
    0x0, 0x0, 0x0, 0x0, 0xaf, 0xff, 0xf2, 0x0,
    0x0, 0x0, 0x0, 0x0, 0x0, 0xff, 0xff, 0x70,
    0x45, 0x68, 0x20, 0x0, 0x0, 0xe, 0xff, 0xf9,
    0x2f, 0xff, 0xf8, 0x0, 0x0, 0x0, 0xff, 0xff,
    0x90, 0xdf, 0xff, 0xf3, 0x0, 0x0, 0x9f, 0xff,
    0xf6, 0x6, 0xff, 0xff, 0xfb, 0x89, 0xdf, 0xff,
    0xff, 0x10, 0xb, 0xff, 0xff, 0xff, 0xff, 0xff,
    0xff, 0x60, 0x0, 0x9, 0xff, 0xff, 0xff, 0xff,
    0xff, 0x60, 0x0, 0x0, 0x2, 0x8c, 0xef, 0xfe,
    0xb7, 0x10, 0x0,

    /* U+0034 "4" */
    0x0, 0x0, 0x0, 0x0, 0x8, 0xff, 0xff, 0xb0,
    0x0, 0x0, 0x0, 0x0, 0x0, 0x3f, 0xff, 0xff,
    0xb0, 0x0, 0x0, 0x0, 0x0, 0x0, 0xdf, 0xff,
    0xff, 0xb0, 0x0, 0x0, 0x0, 0x0, 0x8, 0xff,
    0xff, 0xff, 0xb0, 0x0, 0x0, 0x0, 0x0, 0x3f,
    0xff, 0xbf, 0xff, 0xb0, 0x0, 0x0, 0x0, 0x0,
    0xdf, 0xfb, 0x7f, 0xff, 0xb0, 0x0, 0x0, 0x0,
    0x8, 0xff, 0xf1, 0x7f, 0xff, 0xb0, 0x0, 0x0,
    0x0, 0x3f, 0xff, 0x60, 0x8f, 0xff, 0xb0, 0x0,
    0x0, 0x0, 0xdf, 0xfb, 0x0, 0x8f, 0xff, 0xb0,
    0x0, 0x0, 0x8, 0xff, 0xf1, 0x0, 0x8f, 0xff,
    0xb0, 0x0, 0x0, 0x3f, 0xff, 0x60, 0x0, 0x8f,
    0xff, 0xb0, 0x0, 0x0, 0xdf, 0xfb, 0x0, 0x0,
    0x8f, 0xff, 0xb0, 0x0, 0x8, 0xff, 0xf1, 0x0,
    0x0, 0x8f, 0xff, 0xb0, 0x0, 0x3f, 0xff, 0x60,
    0x0, 0x0, 0x8f, 0xff, 0xb0, 0x0, 0x8f, 0xff,
    0xff, 0xff, 0xff, 0xff, 0xff, 0xff, 0xfa, 0x8f,
    0xff, 0xff, 0xff, 0xff, 0xff, 0xff, 0xff, 0xfa,
    0x8f, 0xff, 0xff, 0xff, 0xff, 0xff, 0xff, 0xff,
    0xfa, 0x13, 0x33, 0x33, 0x33, 0x33, 0x9f, 0xff,
    0xc3, 0x32, 0x0, 0x0, 0x0, 0x0, 0x0, 0x8f,
    0xff, 0xb0, 0x0, 0x0, 0x0, 0x0, 0x0, 0x0,
    0x8f, 0xff, 0xb0, 0x0, 0x0, 0x0, 0x0, 0x0,
    0x0, 0x8f, 0xff, 0xb0, 0x0, 0x0, 0x0, 0x0,
    0x0, 0x0, 0x8f, 0xff, 0xb0, 0x0,

    /* U+0035 "5" */
    0x0, 0xaf, 0xff, 0xff, 0xff, 0xff, 0xff, 0xfa,
    0x0, 0xb, 0xff, 0xff, 0xff, 0xff, 0xff, 0xff,
    0xa0, 0x0, 0xcf, 0xff, 0xff, 0xff, 0xff, 0xff,
    0xfa, 0x0, 0xd, 0xff, 0xf7, 0x33, 0x33, 0x33,
    0x33, 0x20, 0x0, 0xef, 0xff, 0x40, 0x0, 0x0,
    0x0, 0x0, 0x0, 0xf, 0xff, 0xf3, 0x0, 0x0,
    0x0, 0x0, 0x0, 0x0, 0xff, 0xff, 0x20, 0x0,
    0x0, 0x0, 0x0, 0x0, 0x1f, 0xff, 0xf1, 0x5,
    0x77, 0x51, 0x0, 0x0, 0x2, 0xff, 0xff, 0x7f,
    0xff, 0xff, 0xfa, 0x10, 0x0, 0x3f, 0xff, 0xff,
    0xff, 0xff, 0xff, 0xfe, 0x20, 0x4, 0xff, 0xff,
    0xff, 0xff, 0xff, 0xff, 0xfd, 0x0, 0x5f, 0xff,
    0xfc, 0x40, 0x16, 0xef, 0xff, 0xf5, 0x2, 0x55,
    0x55, 0x0, 0x0, 0x3, 0xff, 0xff, 0xa0, 0x0,
    0x0, 0x0, 0x0, 0x0, 0xc, 0xff, 0xfd, 0x0,
    0x0, 0x0, 0x0, 0x0, 0x0, 0xaf, 0xff, 0xe0,
    0x0, 0x0, 0x0, 0x0, 0x0, 0xb, 0xff, 0xfd,
    0xa, 0xcd, 0xf9, 0x0, 0x0, 0x0, 0xef, 0xff,
    0xa0, 0xbf, 0xff, 0xf3, 0x0, 0x0, 0x9f, 0xff,
    0xf5, 0x4, 0xff, 0xff, 0xfa, 0x78, 0xdf, 0xff,
    0xfd, 0x0, 0x9, 0xff, 0xff, 0xff, 0xff, 0xff,
    0xff, 0x30, 0x0, 0x8, 0xff, 0xff, 0xff, 0xff,
    0xfd, 0x20, 0x0, 0x0, 0x2, 0x8c, 0xef, 0xfd,
    0xa5, 0x0, 0x0,

    /* U+0036 "6" */
    0x0, 0x0, 0x17, 0xce, 0xfe, 0xc7, 0x0, 0x0,
    0x0, 0x5, 0xff, 0xff, 0xff, 0xff, 0xe2, 0x0,
    0x0, 0x5f, 0xff, 0xff, 0xff, 0xff, 0xfe, 0x10,
    0x1, 0xff, 0xff, 0xe8, 0x7b, 0xff, 0xff, 0x80,
    0x9, 0xff, 0xfd, 0x10, 0x0, 0x9f, 0xff, 0xd0,
    0xf, 0xff, 0xf4, 0x0, 0x0, 0x16, 0x31, 0x0,
    0x4f, 0xff, 0xe0, 0x0, 0x0, 0x0, 0x0, 0x0,
    0x7f, 0xff, 0xa0, 0x0, 0x12, 0x10, 0x0, 0x0,
    0xaf, 0xff, 0x80, 0x8e, 0xff, 0xfd, 0x60, 0x0,
    0xbf, 0xff, 0x9d, 0xff, 0xff, 0xff, 0xfb, 0x0,
    0xcf, 0xff, 0xff, 0xff, 0xff, 0xff, 0xff, 0x80,
    0xdf, 0xff, 0xfe, 0x51, 0x16, 0xff, 0xff, 0xf1,
    0xcf, 0xff, 0xf4, 0x0, 0x0, 0x5f, 0xff, 0xf6,
    0xbf, 0xff, 0xe0, 0x0, 0x0, 0xf, 0xff, 0xf8,
    0x9f, 0xff, 0xd0, 0x0, 0x0, 0xc, 0xff, 0xf9,
    0x6f, 0xff, 0xf0, 0x0, 0x0, 0xd, 0xff, 0xf9,
    0x2f, 0xff, 0xf3, 0x0, 0x0, 0x1f, 0xff, 0xf7,
    0xc, 0xff, 0xfc, 0x0, 0x0, 0x9f, 0xff, 0xf3,
    0x4, 0xff, 0xff, 0xd7, 0x6b, 0xff, 0xff, 0xc0,
    0x0, 0x9f, 0xff, 0xff, 0xff, 0xff, 0xff, 0x20,
    0x0, 0x8, 0xff, 0xff, 0xff, 0xff, 0xe3, 0x0,
    0x0, 0x0, 0x28, 0xde, 0xfe, 0xb6, 0x0, 0x0,

    /* U+0037 "7" */
    0xaf, 0xff, 0xff, 0xff, 0xff, 0xff, 0xff, 0xf6,
    0xaf, 0xff, 0xff, 0xff, 0xff, 0xff, 0xff, 0xf6,
    0xaf, 0xff, 0xff, 0xff, 0xff, 0xff, 0xff, 0xf6,
    0x59, 0x99, 0x99, 0x99, 0x99, 0x9e, 0xff, 0xf4,
    0x0, 0x0, 0x0, 0x0, 0x0, 0x5f, 0xff, 0xb0,
    0x0, 0x0, 0x0, 0x0, 0x1, 0xef, 0xff, 0x20,
    0x0, 0x0, 0x0, 0x0, 0xa, 0xff, 0xf8, 0x0,
    0x0, 0x0, 0x0, 0x0, 0x4f, 0xff, 0xd0, 0x0,
    0x0, 0x0, 0x0, 0x0, 0xef, 0xff, 0x40, 0x0,
    0x0, 0x0, 0x0, 0x8, 0xff, 0xfb, 0x0, 0x0,
    0x0, 0x0, 0x0, 0x2f, 0xff, 0xf3, 0x0, 0x0,
    0x0, 0x0, 0x0, 0xaf, 0xff, 0xb0, 0x0, 0x0,
    0x0, 0x0, 0x1, 0xff, 0xff, 0x40, 0x0, 0x0,
    0x0, 0x0, 0x9, 0xff, 0xfd, 0x0, 0x0, 0x0,
    0x0, 0x0, 0xf, 0xff, 0xf7, 0x0, 0x0, 0x0,
    0x0, 0x0, 0x4f, 0xff, 0xf2, 0x0, 0x0, 0x0,
    0x0, 0x0, 0xaf, 0xff, 0xd0, 0x0, 0x0, 0x0,
    0x0, 0x0, 0xef, 0xff, 0xa0, 0x0, 0x0, 0x0,
    0x0, 0x1, 0xff, 0xff, 0x70, 0x0, 0x0, 0x0,
    0x0, 0x4, 0xff, 0xff, 0x40, 0x0, 0x0, 0x0,
    0x0, 0x5, 0xff, 0xff, 0x30, 0x0, 0x0, 0x0,
    0x0, 0x6, 0xff, 0xff, 0x20, 0x0, 0x0, 0x0,

    /* U+0038 "8" */
    0x0, 0x2, 0x8c, 0xef, 0xfe, 0xb7, 0x10, 0x0,
    0x0, 0x7f, 0xff, 0xff, 0xff, 0xff, 0xf5, 0x0,
    0x7, 0xff, 0xff, 0xff, 0xff, 0xff, 0xff, 0x40,
    0x1f, 0xff, 0xfe, 0x51, 0x26, 0xff, 0xff, 0xd0,
    0x5f, 0xff, 0xf5, 0x0, 0x0, 0x8f, 0xff, 0xf2,
    0x7f, 0xff, 0xf1, 0x0, 0x0, 0x4f, 0xff, 0xf3,
    0x6f, 0xff, 0xf1, 0x0, 0x0, 0x5f, 0xff, 0xf2,
    0x1f, 0xff, 0xf5, 0x0, 0x0, 0x8f, 0xff, 0xe0,
    0x8, 0xff, 0xfe, 0x51, 0x16, 0xff, 0xff, 0x50,
    0x0, 0x8f, 0xff, 0xff, 0xff, 0xff, 0xf5, 0x0,
    0x0, 0x4, 0xef, 0xff, 0xff, 0xfc, 0x30, 0x0,
    0x1, 0xcf, 0xff, 0xff, 0xff, 0xff, 0xfa, 0x10,
    0xd, 0xff, 0xfc, 0x30, 0x15, 0xdf, 0xff, 0xc0,
    0x8f, 0xff, 0xe1, 0x0, 0x0, 0x3f, 0xff, 0xf6,
    0xdf, 0xff, 0xa0, 0x0, 0x0, 0xd, 0xff, 0xfa,
    0xff, 0xff, 0x90, 0x0, 0x0, 0xc, 0xff, 0xfc,
    0xef, 0xff, 0xa0, 0x0, 0x0, 0xd, 0xff, 0xfb,
    0xbf, 0xff, 0xf1, 0x0, 0x0, 0x2f, 0xff, 0xf8,
    0x5f, 0xff, 0xfd, 0x42, 0x25, 0xef, 0xff, 0xf3,
    0xb, 0xff, 0xff, 0xff, 0xff, 0xff, 0xff, 0x80,
    0x0, 0x9f, 0xff, 0xff, 0xff, 0xff, 0xf8, 0x0,
    0x0, 0x2, 0x8c, 0xef, 0xfe, 0xb7, 0x10, 0x0,

    /* U+0039 "9" */
    0x0, 0x1, 0x7b, 0xef, 0xed, 0x92, 0x0, 0x0,
    0x0, 0x6f, 0xff, 0xff, 0xff, 0xff, 0x80, 0x0,
    0x6, 0xff, 0xff, 0xff, 0xff, 0xff, 0xf7, 0x0,
    0x1f, 0xff, 0xff, 0xa6, 0x8e, 0xff, 0xff, 0x20,
    0x7f, 0xff, 0xf6, 0x0, 0x1, 0xef, 0xff, 0xa0,
    0xbf, 0xff, 0xd0, 0x0, 0x0, 0x7f, 0xff, 0xe0,
    0xdf, 0xff, 0xa0, 0x0, 0x0, 0x2f, 0xff, 0xf3,
    0xdf, 0xff, 0x90, 0x0, 0x0, 0x1f, 0xff, 0xf6,
    0xcf, 0xff, 0xc0, 0x0, 0x0, 0x2f, 0xff, 0xf8,
    0x9f, 0xff, 0xf2, 0x0, 0x0, 0x9f, 0xff, 0xf8,
    0x4f, 0xff, 0xfd, 0x30, 0x28, 0xff, 0xff, 0xf9,
    0xc, 0xff, 0xff, 0xff, 0xff, 0xff, 0xff, 0xf9,
    0x1, 0xdf, 0xff, 0xff, 0xff, 0xbb, 0xff, 0xf8,
    0x0, 0x18, 0xef, 0xff, 0xd7, 0xc, 0xff, 0xf6,
    0x0, 0x0, 0x2, 0x31, 0x0, 0xf, 0xff, 0xf4,
    0x0, 0x0, 0x0, 0x0, 0x0, 0x3f, 0xff, 0xf1,
    0x3, 0x57, 0x70, 0x0, 0x0, 0x9f, 0xff, 0xc0,
    0x5f, 0xff, 0xf3, 0x0, 0x3, 0xff, 0xff, 0x60,
    0xe, 0xff, 0xff, 0x97, 0x9f, 0xff, 0xfd, 0x0,
    0x5, 0xff, 0xff, 0xff, 0xff, 0xff, 0xf3, 0x0,
    0x0, 0x7f, 0xff, 0xff, 0xff, 0xfd, 0x30, 0x0,
    0x0, 0x2, 0x9d, 0xff, 0xeb, 0x60, 0x0, 0x0,

    /* U+003A ":" */
    0xef, 0xff, 0x9e, 0xff, 0xf9, 0xef, 0xff, 0x9e,
    0xff, 0xf9, 0x55, 0x55, 0x30, 0x0, 0x0, 0x0,
    0x0, 0x0, 0x0, 0x0, 0x0, 0x0, 0x0, 0x0,
    0x0, 0x0, 0x0, 0x4, 0x55, 0x53, 0xef, 0xff,
    0x9e, 0xff, 0xf9, 0xef, 0xff, 0x9e, 0xff, 0xf9,

    /* U+003B ";" */
    0xef, 0xff, 0x9e, 0xff, 0xf9, 0xef, 0xff, 0x9e,
    0xff, 0xf9, 0x55, 0x55, 0x30, 0x0, 0x0, 0x0,
    0x0, 0x0, 0x0, 0x0, 0x0, 0x0, 0x0, 0x0,
    0x0, 0x0, 0x0, 0x4, 0x55, 0x53, 0xef, 0xff,
    0x9e, 0xff, 0xf9, 0xef, 0xff, 0x9e, 0xff, 0xf9,
    0x0, 0xef, 0x80, 0x1f, 0xf5, 0x7, 0xff, 0x20,
    0xef, 0xc0, 0x9f, 0xf3, 0x0,

    /* U+003C "<" */
    0x0, 0x0, 0x0, 0x0, 0x0, 0x0, 0x0, 0x39,
    0x50, 0x0, 0x0, 0x0, 0x0, 0x0, 0x17, 0xdf,
    0xf6, 0x0, 0x0, 0x0, 0x0, 0x5, 0xbf, 0xff,
    0xff, 0x60, 0x0, 0x0, 0x3, 0x9f, 0xff, 0xff,
    0xff, 0xe3, 0x0, 0x1, 0x7d, 0xff, 0xff, 0xff,
    0xfa, 0x40, 0x0, 0x5b, 0xff, 0xff, 0xff, 0xfd,
    0x71, 0x0, 0x0, 0xaf, 0xff, 0xff, 0xff, 0x93,
    0x0, 0x0, 0x0, 0xa, 0xff, 0xff, 0xc6, 0x0,
    0x0, 0x0, 0x0, 0x0, 0xaf, 0xfd, 0x30, 0x0,
    0x0, 0x0, 0x0, 0x0, 0xa, 0xff, 0xff, 0x93,
    0x0, 0x0, 0x0, 0x0, 0x0, 0xaf, 0xff, 0xff,
    0xfd, 0x71, 0x0, 0x0, 0x0, 0x1, 0x7d, 0xff,
    0xff, 0xff, 0xfb, 0x40, 0x0, 0x0, 0x0, 0x3,
    0x9f, 0xff, 0xff, 0xff, 0xe8, 0x20, 0x0, 0x0,
    0x0, 0x5, 0xbf, 0xff, 0xff, 0xff, 0xc3, 0x0,
    0x0, 0x0, 0x0, 0x17, 0xdf, 0xff, 0xff, 0x60,
    0x0, 0x0, 0x0, 0x0, 0x0, 0x39, 0xff, 0xf6,
    0x0, 0x0, 0x0, 0x0, 0x0, 0x0, 0x0, 0x5b,
    0x60, 0x0, 0x0, 0x0, 0x0, 0x0, 0x0, 0x0,
    0x0,

    /* U+003D "=" */
    0xaf, 0xff, 0xff, 0xff, 0xff, 0xff, 0xff, 0xff,
    0x6a, 0xff, 0xff, 0xff, 0xff, 0xff, 0xff, 0xff,
    0xf6, 0xaf, 0xff, 0xff, 0xff, 0xff, 0xff, 0xff,
    0xff, 0x64, 0x77, 0x77, 0x77, 0x77, 0x77, 0x77,
    0x77, 0x72, 0x0, 0x0, 0x0, 0x0, 0x0, 0x0,
    0x0, 0x0, 0x0, 0x0, 0x0, 0x0, 0x0, 0x0,
    0x0, 0x0, 0x0, 0x0, 0x0, 0x0, 0x0, 0x0,
    0x0, 0x0, 0x0, 0x0, 0x0, 0x0, 0x0, 0x0,
    0x0, 0x0, 0x0, 0x0, 0x46, 0x66, 0x66, 0x66,
    0x66, 0x66, 0x66, 0x66, 0x2a, 0xff, 0xff, 0xff,
    0xff, 0xff, 0xff, 0xff, 0xf6, 0xaf, 0xff, 0xff,
    0xff, 0xff, 0xff, 0xff, 0xff, 0x6a, 0xff, 0xff,
    0xff, 0xff, 0xff, 0xff, 0xff, 0xf6,

    /* U+003E ">" */
    0x88, 0x20, 0x0, 0x0, 0x0, 0x0, 0x0, 0x0,
    0xa, 0xff, 0xc6, 0x0, 0x0, 0x0, 0x0, 0x0,
    0x0, 0xaf, 0xff, 0xff, 0xa4, 0x0, 0x0, 0x0,
    0x0, 0x7, 0xff, 0xff, 0xff, 0xfe, 0x82, 0x0,
    0x0, 0x0, 0x0, 0x6c, 0xff, 0xff, 0xff, 0xfc,
    0x60, 0x0, 0x0, 0x0, 0x2, 0x8e, 0xff, 0xff,
    0xff, 0xfa, 0x40, 0x0, 0x0, 0x0, 0x5, 0xbf,
    0xff, 0xff, 0xff, 0x60, 0x0, 0x0, 0x0, 0x0,
    0x17, 0xdf, 0xff, 0xf6, 0x0, 0x0, 0x0, 0x0,
    0x0, 0x0, 0x5f, 0xff, 0x60, 0x0, 0x0, 0x0,
    0x0, 0x5, 0xbf, 0xff, 0xf6, 0x0, 0x0, 0x0,
    0x2, 0x9e, 0xff, 0xff, 0xff, 0x60, 0x0, 0x1,
    0x6c, 0xff, 0xff, 0xff, 0xfc, 0x60, 0x0, 0x4a,
    0xff, 0xff, 0xff, 0xfe, 0x82, 0x0, 0x5, 0xdf,
    0xff, 0xff, 0xff, 0xa4, 0x0, 0x0, 0x0, 0xaf,
    0xff, 0xff, 0xc6, 0x0, 0x0, 0x0, 0x0, 0xa,
    0xff, 0xe8, 0x20, 0x0, 0x0, 0x0, 0x0, 0x0,
    0x9a, 0x40, 0x0, 0x0, 0x0, 0x0, 0x0, 0x0,
    0x0, 0x0, 0x0, 0x0, 0x0, 0x0, 0x0, 0x0,
    0x0,

    /* U+003F "?" */
    0x0, 0x0, 0x18, 0xce, 0xff, 0xeb, 0x61, 0x0,
    0x0, 0x0, 0x8f, 0xff, 0xff, 0xff, 0xff, 0xe5,
    0x0, 0x0, 0xaf, 0xff, 0xff, 0xff, 0xff, 0xff,
    0xf6, 0x0, 0x6f, 0xff, 0xff, 0xb8, 0x9c, 0xff,
    0xff, 0xf1, 0xe, 0xff, 0xfe, 0x30, 0x0, 0x8,
    0xff, 0xff, 0x74, 0xff, 0xff, 0x50, 0x0, 0x0,
    0xe, 0xff, 0xfa, 0x5b, 0xbb, 0xb0, 0x0, 0x0,
    0x0, 0xcf, 0xff, 0xa0, 0x0, 0x0, 0x0, 0x0,
    0x0, 0xe, 0xff, 0xf8, 0x0, 0x0, 0x0, 0x0,
    0x0, 0x9, 0xff, 0xff, 0x20, 0x0, 0x0, 0x0,
    0x0, 0x9, 0xff, 0xff, 0x90, 0x0, 0x0, 0x0,
    0x0, 0x2d, 0xff, 0xff, 0x90, 0x0, 0x0, 0x0,
    0x0, 0x3e, 0xff, 0xff, 0x50, 0x0, 0x0, 0x0,
    0x0, 0x1e, 0xff, 0xfd, 0x20, 0x0, 0x0, 0x0,
    0x0, 0x8, 0xff, 0xfd, 0x10, 0x0, 0x0, 0x0,
    0x0, 0x0, 0xdf, 0xff, 0x50, 0x0, 0x0, 0x0,
    0x0, 0x0, 0x6, 0x77, 0x71, 0x0, 0x0, 0x0,
    0x0, 0x0, 0x0, 0x0, 0x0, 0x0, 0x0, 0x0,
    0x0, 0x0, 0x0, 0x2, 0x22, 0x20, 0x0, 0x0,
    0x0, 0x0, 0x0, 0x2, 0xff, 0xff, 0x50, 0x0,
    0x0, 0x0, 0x0, 0x0, 0x2f, 0xff, 0xf5, 0x0,
    0x0, 0x0, 0x0, 0x0, 0x2, 0xff, 0xff, 0x50,
    0x0, 0x0, 0x0, 0x0, 0x0, 0x2f, 0xff, 0xf5,
    0x0, 0x0, 0x0,

    /* U+0040 "@" */
    0x0, 0x0, 0x0, 0x0, 0x0, 0x16, 0xac, 0xef,
    0xfe, 0xda, 0x62, 0x0, 0x0, 0x0, 0x0, 0x0,
    0x0, 0x0, 0x3, 0xbf, 0xff, 0xff, 0xff, 0xff,
    0xff, 0xfb, 0x30, 0x0, 0x0, 0x0, 0x0, 0x0,
    0x1a, 0xff, 0xfe, 0x96, 0x43, 0x34, 0x69, 0xef,
    0xff, 0x80, 0x0, 0x0, 0x0, 0x0, 0x3e, 0xff,
    0xb4, 0x0, 0x0, 0x0, 0x0, 0x0, 0x5d, 0xff,
    0xa0, 0x0, 0x0, 0x0, 0x3f, 0xff, 0x50, 0x0,
    0x0, 0x0, 0x0, 0x0, 0x0, 0xa, 0xff, 0x70,
    0x0, 0x0, 0x2e, 0xfe, 0x20, 0x0, 0x18, 0xdf,
    0xfc, 0x50, 0x2a, 0xa2, 0xb, 0xff, 0x20, 0x0,
    0xc, 0xff, 0x20, 0x0, 0x4f, 0xff, 0xff, 0xff,
    0x67, 0xff, 0x0, 0x1f, 0xf9, 0x0, 0x6, 0xff,
    0x60, 0x0, 0x5f, 0xfd, 0x52, 0x27, 0xff, 0xcf,
    0xc0, 0x0, 0x9f, 0xe0, 0x0, 0xef, 0xc0, 0x0,
    0x1f, 0xfc, 0x0, 0x0, 0x5, 0xff, 0xf8, 0x0,
    0x4, 0xff, 0x20, 0x4f, 0xf5, 0x0, 0xa, 0xff,
    0x10, 0x0, 0x0, 0xe, 0xff, 0x40, 0x0, 0x1f,
    0xf4, 0x9, 0xff, 0x0, 0x1, 0xff, 0x90, 0x0,
    0x0, 0x0, 0xcf, 0xf1, 0x0, 0x0, 0xff, 0x50,
    0xdf, 0xb0, 0x0, 0x6f, 0xf3, 0x0, 0x0, 0x0,
    0xe, 0xfd, 0x0, 0x0, 0x1f, 0xf4, 0xf, 0xf8,
    0x0, 0x9, 0xff, 0x0, 0x0, 0x0, 0x2, 0xff,
    0x90, 0x0, 0x3, 0xff, 0x21, 0xff, 0x60, 0x0,
    0xbf, 0xe0, 0x0, 0x0, 0x0, 0x6f, 0xf5, 0x0,
    0x0, 0x7f, 0xf0, 0x2f, 0xf5, 0x0, 0xc, 0xfd,
    0x0, 0x0, 0x0, 0xd, 0xff, 0x20, 0x0, 0xc,
    0xfa, 0x1, 0xff, 0x60, 0x0, 0xbf, 0xf0, 0x0,
    0x0, 0x5, 0xff, 0xf0, 0x0, 0x5, 0xff, 0x40,
    0xf, 0xf8, 0x0, 0x7, 0xff, 0x50, 0x0, 0x3,
    0xfd, 0xfe, 0x0, 0x2, 0xef, 0xb0, 0x0, 0xdf,
    0xb0, 0x0, 0x2f, 0xfe, 0x51, 0x17, 0xff, 0x4f,
    0xf3, 0x16, 0xef, 0xe2, 0x0, 0x9, 0xff, 0x10,
    0x0, 0x7f, 0xff, 0xff, 0xff, 0x40, 0xef, 0xff,
    0xff, 0xd2, 0x0, 0x0, 0x3f, 0xf8, 0x0, 0x0,
    0x5c, 0xff, 0xfa, 0x20, 0x4, 0xdf, 0xfd, 0x70,
    0x0, 0x0, 0x0, 0xbf, 0xf3, 0x0, 0x0, 0x0,
    0x10, 0x0, 0x0, 0x0, 0x0, 0x0, 0x0, 0x0,
    0x0, 0x2, 0xff, 0xe2, 0x0, 0x0, 0x0, 0x0,
    0x0, 0x0, 0x0, 0x2, 0x0, 0x0, 0x0, 0x0,
    0x4, 0xff, 0xf6, 0x0, 0x0, 0x0, 0x0, 0x0,
    0x1, 0x7d, 0xf1, 0x0, 0x0, 0x0, 0x0, 0x4,
    0xef, 0xfe, 0x84, 0x20, 0x1, 0x24, 0x8c, 0xff,
    0xff, 0x40, 0x0, 0x0, 0x0, 0x0, 0x1, 0xaf,
    0xff, 0xff, 0xff, 0xff, 0xff, 0xff, 0xe7, 0x0,
    0x0, 0x0, 0x0, 0x0, 0x0, 0x0, 0x28, 0xcf,
    0xff, 0xff, 0xff, 0xc8, 0x30, 0x0, 0x0, 0x0,
    0x0, 0x0, 0x0, 0x0, 0x0, 0x0, 0x1, 0x23,
    0x21, 0x0, 0x0, 0x0, 0x0, 0x0, 0x0, 0x0,

    /* U+0041 "A" */
    0x0, 0x0, 0x0, 0x0, 0x5f, 0xff, 0xff, 0x70,
    0x0, 0x0, 0x0, 0x0, 0x0, 0x0, 0x0, 0xb,
    0xff, 0xff, 0xfc, 0x0, 0x0, 0x0, 0x0, 0x0,
    0x0, 0x0, 0x1, 0xff, 0xff, 0xff, 0xf2, 0x0,
    0x0, 0x0, 0x0, 0x0, 0x0, 0x0, 0x7f, 0xff,
    0xff, 0xff, 0x80, 0x0, 0x0, 0x0, 0x0, 0x0,
    0x0, 0xd, 0xff, 0xf7, 0xff, 0xfe, 0x0, 0x0,
    0x0, 0x0, 0x0, 0x0, 0x2, 0xff, 0xff, 0xd,
    0xff, 0xf4, 0x0, 0x0, 0x0, 0x0, 0x0, 0x0,
    0x8f, 0xff, 0xa0, 0x8f, 0xff, 0xa0, 0x0, 0x0,
    0x0, 0x0, 0x0, 0xe, 0xff, 0xf4, 0x3, 0xff,
    0xff, 0x0, 0x0, 0x0, 0x0, 0x0, 0x4, 0xff,
    0xfe, 0x0, 0xd, 0xff, 0xf5, 0x0, 0x0, 0x0,
    0x0, 0x0, 0xaf, 0xff, 0x90, 0x0, 0x8f, 0xff,
    0xb0, 0x0, 0x0, 0x0, 0x0, 0xf, 0xff, 0xf4,
    0x0, 0x2, 0xff, 0xff, 0x10, 0x0, 0x0, 0x0,
    0x5, 0xff, 0xfe, 0x0, 0x0, 0xc, 0xff, 0xf7,
    0x0, 0x0, 0x0, 0x0, 0xbf, 0xff, 0x90, 0x0,
    0x0, 0x7f, 0xff, 0xc0, 0x0, 0x0, 0x0, 0x1f,
    0xff, 0xff, 0xff, 0xff, 0xff, 0xff, 0xff, 0x20,
    0x0, 0x0, 0x7, 0xff, 0xff, 0xff, 0xff, 0xff,
    0xff, 0xff, 0xf8, 0x0, 0x0, 0x0, 0xdf, 0xff,
    0xff, 0xff, 0xff, 0xff, 0xff, 0xff, 0xe0, 0x0,
    0x0, 0x3f, 0xff, 0xf9, 0x77, 0x77, 0x77, 0x78,
    0xff, 0xff, 0x40, 0x0, 0x9, 0xff, 0xff, 0x0,
    0x0, 0x0, 0x0, 0xd, 0xff, 0xfa, 0x0, 0x0,
    0xef, 0xff, 0xa0, 0x0, 0x0, 0x0, 0x0, 0x8f,
    0xff, 0xf0, 0x0, 0x4f, 0xff, 0xf4, 0x0, 0x0,
    0x0, 0x0, 0x2, 0xff, 0xff, 0x50, 0xa, 0xff,
    0xfe, 0x0, 0x0, 0x0, 0x0, 0x0, 0xd, 0xff,
    0xfb, 0x0, 0xff, 0xff, 0x90, 0x0, 0x0, 0x0,
    0x0, 0x0, 0x7f, 0xff, 0xf1,

    /* U+0042 "B" */
    0xdf, 0xff, 0xff, 0xff, 0xff, 0xff, 0xda, 0x61,
    0x0, 0x0, 0xdf, 0xff, 0xff, 0xff, 0xff, 0xff,
    0xff, 0xff, 0x60, 0x0, 0xdf, 0xff, 0xff, 0xff,
    0xff, 0xff, 0xff, 0xff, 0xf6, 0x0, 0xdf, 0xff,
    0xd6, 0x66, 0x66, 0x68, 0xef, 0xff, 0xff, 0x0,
    0xdf, 0xff, 0xc0, 0x0, 0x0, 0x0, 0xc, 0xff,
    0xff, 0x40, 0xdf, 0xff, 0xc0, 0x0, 0x0, 0x0,
    0x6, 0xff, 0xff, 0x50, 0xdf, 0xff, 0xc0, 0x0,
    0x0, 0x0, 0x5, 0xff, 0xff, 0x40, 0xdf, 0xff,
    0xc0, 0x0, 0x0, 0x0, 0x9, 0xff, 0xff, 0x10,
    0xdf, 0xff, 0xc0, 0x0, 0x0, 0x2, 0x8f, 0xff,
    0xf8, 0x0, 0xdf, 0xff, 0xff, 0xff, 0xff, 0xff,
    0xff, 0xff, 0x80, 0x0, 0xdf, 0xff, 0xff, 0xff,
    0xff, 0xff, 0xff, 0xd5, 0x0, 0x0, 0xdf, 0xff,
    0xff, 0xff, 0xff, 0xff, 0xff, 0xff, 0xd5, 0x0,
    0xdf, 0xff, 0xd5, 0x55, 0x55, 0x56, 0x9e, 0xff,
    0xff, 0x70, 0xdf, 0xff, 0xc0, 0x0, 0x0, 0x0,
    0x0, 0xaf, 0xff, 0xf2, 0xdf, 0xff, 0xc0, 0x0,
    0x0, 0x0, 0x0, 0x1f, 0xff, 0xf7, 0xdf, 0xff,
    0xc0, 0x0, 0x0, 0x0, 0x0, 0xf, 0xff, 0xfa,
    0xdf, 0xff, 0xc0, 0x0, 0x0, 0x0, 0x0, 0x2f,
    0xff, 0xf9, 0xdf, 0xff, 0xc0, 0x0, 0x0, 0x0,
    0x0, 0xbf, 0xff, 0xf6, 0xdf, 0xff, 0xd6, 0x66,
    0x66, 0x66, 0x8d, 0xff, 0xff, 0xf1, 0xdf, 0xff,
    0xff, 0xff, 0xff, 0xff, 0xff, 0xff, 0xff, 0x50,
    0xdf, 0xff, 0xff, 0xff, 0xff, 0xff, 0xff, 0xff,
    0xe4, 0x0, 0xdf, 0xff, 0xff, 0xff, 0xff, 0xff,
    0xed, 0xa5, 0x0, 0x0,

    /* U+0043 "C" */
    0x0, 0x0, 0x0, 0x48, 0xce, 0xff, 0xed, 0xa5,
    0x0, 0x0, 0x0, 0x0, 0x0, 0x4c, 0xff, 0xff,
    0xff, 0xff, 0xff, 0xe7, 0x0, 0x0, 0x0, 0x7,
    0xff, 0xff, 0xff, 0xff, 0xff, 0xff, 0xff, 0xb0,
    0x0, 0x0, 0x6f, 0xff, 0xff, 0xfc, 0xa9, 0xbe,
    0xff, 0xff, 0xfa, 0x0, 0x2, 0xff, 0xff, 0xfa,
    0x10, 0x0, 0x0, 0x6e, 0xff, 0xff, 0x40, 0xa,
    0xff, 0xff, 0x90, 0x0, 0x0, 0x0, 0x2, 0xef,
    0xff, 0xb0, 0xf, 0xff, 0xfd, 0x0, 0x0, 0x0,
    0x0, 0x0, 0x6e, 0xa5, 0x10, 0x4f, 0xff, 0xf7,
    0x0, 0x0, 0x0, 0x0, 0x0, 0x0, 0x0, 0x0,
    0x8f, 0xff, 0xf3, 0x0, 0x0, 0x0, 0x0, 0x0,
    0x0, 0x0, 0x0, 0x9f, 0xff, 0xf0, 0x0, 0x0,
    0x0, 0x0, 0x0, 0x0, 0x0, 0x0, 0xaf, 0xff,
    0xf0, 0x0, 0x0, 0x0, 0x0, 0x0, 0x0, 0x0,
    0x0, 0xaf, 0xff, 0xf0, 0x0, 0x0, 0x0, 0x0,
    0x0, 0x0, 0x0, 0x0, 0x9f, 0xff, 0xf0, 0x0,
    0x0, 0x0, 0x0, 0x0, 0x0, 0x0, 0x0, 0x7f,
    0xff, 0xf3, 0x0, 0x0, 0x0, 0x0, 0x0, 0x0,
    0x0, 0x0, 0x3f, 0xff, 0xf8, 0x0, 0x0, 0x0,
    0x0, 0x0, 0x7, 0x20, 0x0, 0xf, 0xff, 0xfe,
    0x0, 0x0, 0x0, 0x0, 0x0, 0x6f, 0xfc, 0x60,
    0x8, 0xff, 0xff, 0xa0, 0x0, 0x0, 0x0, 0x2,
    0xef, 0xff, 0xe0, 0x1, 0xef, 0xff, 0xfb, 0x20,
    0x0, 0x0, 0x5e, 0xff, 0xff, 0x50, 0x0, 0x4f,
    0xff, 0xff, 0xfd, 0xa9, 0xbe, 0xff, 0xff, 0xfa,
    0x0, 0x0, 0x5, 0xff, 0xff, 0xff, 0xff, 0xff,
    0xff, 0xff, 0xa0, 0x0, 0x0, 0x0, 0x2b, 0xff,
    0xff, 0xff, 0xff, 0xff, 0xe6, 0x0, 0x0, 0x0,
    0x0, 0x0, 0x27, 0xbd, 0xef, 0xfd, 0xa5, 0x0,
    0x0, 0x0,

    /* U+0044 "D" */
    0xdf, 0xff, 0xff, 0xff, 0xfe, 0xda, 0x61, 0x0,
    0x0, 0x0, 0xdf, 0xff, 0xff, 0xff, 0xff, 0xff,
    0xff, 0xa2, 0x0, 0x0, 0xdf, 0xff, 0xff, 0xff,
    0xff, 0xff, 0xff, 0xff, 0x50, 0x0, 0xdf, 0xff,
    0xe8, 0x88, 0x8a, 0xdf, 0xff, 0xff, 0xf5, 0x0,
    0xdf, 0xff, 0xc0, 0x0, 0x0, 0x3, 0xcf, 0xff,
    0xff, 0x20, 0xdf, 0xff, 0xc0, 0x0, 0x0, 0x0,
    0xa, 0xff, 0xff, 0xa0, 0xdf, 0xff, 0xc0, 0x0,
    0x0, 0x0, 0x0, 0xdf, 0xff, 0xf1, 0xdf, 0xff,
    0xc0, 0x0, 0x0, 0x0, 0x0, 0x6f, 0xff, 0xf5,
    0xdf, 0xff, 0xc0, 0x0, 0x0, 0x0, 0x0, 0x2f,
    0xff, 0xf9, 0xdf, 0xff, 0xc0, 0x0, 0x0, 0x0,
    0x0, 0xf, 0xff, 0xfa, 0xdf, 0xff, 0xc0, 0x0,
    0x0, 0x0, 0x0, 0xe, 0xff, 0xfb, 0xdf, 0xff,
    0xc0, 0x0, 0x0, 0x0, 0x0, 0xe, 0xff, 0xfb,
    0xdf, 0xff, 0xc0, 0x0, 0x0, 0x0, 0x0, 0xf,
    0xff, 0xfa, 0xdf, 0xff, 0xc0, 0x0, 0x0, 0x0,
    0x0, 0x3f, 0xff, 0xf8, 0xdf, 0xff, 0xc0, 0x0,
    0x0, 0x0, 0x0, 0x8f, 0xff, 0xf4, 0xdf, 0xff,
    0xc0, 0x0, 0x0, 0x0, 0x1, 0xef, 0xff, 0xf0,
    0xdf, 0xff, 0xc0, 0x0, 0x0, 0x0, 0xb, 0xff,
    0xff, 0x80, 0xdf, 0xff, 0xc0, 0x0, 0x0, 0x2,
    0xcf, 0xff, 0xfe, 0x10, 0xdf, 0xff, 0xe8, 0x88,
    0x89, 0xcf, 0xff, 0xff, 0xf4, 0x0, 0xdf, 0xff,
    0xff, 0xff, 0xff, 0xff, 0xff, 0xff, 0x40, 0x0,
    0xdf, 0xff, 0xff, 0xff, 0xff, 0xff, 0xff, 0xb2,
    0x0, 0x0, 0xdf, 0xff, 0xff, 0xff, 0xff, 0xec,
    0x82, 0x0, 0x0, 0x0,

    /* U+0045 "E" */
    0xdf, 0xff, 0xff, 0xff, 0xff, 0xff, 0xff, 0xff,
    0xf7, 0xd, 0xff, 0xff, 0xff, 0xff, 0xff, 0xff,
    0xff, 0xff, 0x70, 0xdf, 0xff, 0xff, 0xff, 0xff,
    0xff, 0xff, 0xff, 0xf7, 0xd, 0xff, 0xfe, 0x88,
    0x88, 0x88, 0x88, 0x88, 0x88, 0x30, 0xdf, 0xff,
    0xc0, 0x0, 0x0, 0x0, 0x0, 0x0, 0x0, 0xd,
    0xff, 0xfc, 0x0, 0x0, 0x0, 0x0, 0x0, 0x0,
    0x0, 0xdf, 0xff, 0xc0, 0x0, 0x0, 0x0, 0x0,
    0x0, 0x0, 0xd, 0xff, 0xfc, 0x0, 0x0, 0x0,
    0x0, 0x0, 0x0, 0x0, 0xdf, 0xff, 0xc0, 0x0,
    0x0, 0x0, 0x0, 0x0, 0x0, 0xd, 0xff, 0xfe,
    0x88, 0x88, 0x88, 0x88, 0x88, 0x84, 0x0, 0xdf,
    0xff, 0xff, 0xff, 0xff, 0xff, 0xff, 0xff, 0x80,
    0xd, 0xff, 0xff, 0xff, 0xff, 0xff, 0xff, 0xff,
    0xf8, 0x0, 0xdf, 0xff, 0xff, 0xff, 0xff, 0xff,
    0xff, 0xff, 0x80, 0xd, 0xff, 0xfc, 0x0, 0x0,
    0x0, 0x0, 0x0, 0x0, 0x0, 0xdf, 0xff, 0xc0,
    0x0, 0x0, 0x0, 0x0, 0x0, 0x0, 0xd, 0xff,
    0xfc, 0x0, 0x0, 0x0, 0x0, 0x0, 0x0, 0x0,
    0xdf, 0xff, 0xc0, 0x0, 0x0, 0x0, 0x0, 0x0,
    0x0, 0xd, 0xff, 0xfc, 0x0, 0x0, 0x0, 0x0,
    0x0, 0x0, 0x0, 0xdf, 0xff, 0xe8, 0x88, 0x88,
    0x88, 0x88, 0x88, 0x88, 0xd, 0xff, 0xff, 0xff,
    0xff, 0xff, 0xff, 0xff, 0xff, 0xf1, 0xdf, 0xff,
    0xff, 0xff, 0xff, 0xff, 0xff, 0xff, 0xff, 0x1d,
    0xff, 0xff, 0xff, 0xff, 0xff, 0xff, 0xff, 0xff,
    0xf1,

    /* U+0046 "F" */
    0xdf, 0xff, 0xff, 0xff, 0xff, 0xff, 0xff, 0xff,
    0x6d, 0xff, 0xff, 0xff, 0xff, 0xff, 0xff, 0xff,
    0xf6, 0xdf, 0xff, 0xff, 0xff, 0xff, 0xff, 0xff,
    0xff, 0x6d, 0xff, 0xfe, 0x88, 0x88, 0x88, 0x88,
    0x88, 0x83, 0xdf, 0xff, 0xc0, 0x0, 0x0, 0x0,
    0x0, 0x0, 0xd, 0xff, 0xfc, 0x0, 0x0, 0x0,
    0x0, 0x0, 0x0, 0xdf, 0xff, 0xc0, 0x0, 0x0,
    0x0, 0x0, 0x0, 0xd, 0xff, 0xfc, 0x0, 0x0,
    0x0, 0x0, 0x0, 0x0, 0xdf, 0xff, 0xc0, 0x0,
    0x0, 0x0, 0x0, 0x0, 0xd, 0xff, 0xfc, 0x0,
    0x0, 0x0, 0x0, 0x0, 0x0, 0xdf, 0xff, 0xe8,
    0x88, 0x88, 0x88, 0x88, 0x88, 0xd, 0xff, 0xff,
    0xff, 0xff, 0xff, 0xff, 0xff, 0xf0, 0xdf, 0xff,
    0xff, 0xff, 0xff, 0xff, 0xff, 0xff, 0xd, 0xff,
    0xff, 0xff, 0xff, 0xff, 0xff, 0xff, 0xf0, 0xdf,
    0xff, 0xc0, 0x0, 0x0, 0x0, 0x0, 0x0, 0xd,
    0xff, 0xfc, 0x0, 0x0, 0x0, 0x0, 0x0, 0x0,
    0xdf, 0xff, 0xc0, 0x0, 0x0, 0x0, 0x0, 0x0,
    0xd, 0xff, 0xfc, 0x0, 0x0, 0x0, 0x0, 0x0,
    0x0, 0xdf, 0xff, 0xc0, 0x0, 0x0, 0x0, 0x0,
    0x0, 0xd, 0xff, 0xfc, 0x0, 0x0, 0x0, 0x0,
    0x0, 0x0, 0xdf, 0xff, 0xc0, 0x0, 0x0, 0x0,
    0x0, 0x0, 0xd, 0xff, 0xfc, 0x0, 0x0, 0x0,
    0x0, 0x0, 0x0,

    /* U+0047 "G" */
    0x0, 0x0, 0x0, 0x27, 0xbd, 0xef, 0xfe, 0xb8,
    0x30, 0x0, 0x0, 0x0, 0x0, 0x3b, 0xff, 0xff,
    0xff, 0xff, 0xff, 0xfd, 0x30, 0x0, 0x0, 0x6,
    0xff, 0xff, 0xff, 0xff, 0xff, 0xff, 0xff, 0xf6,
    0x0, 0x0, 0x5f, 0xff, 0xff, 0xfd, 0xa9, 0xad,
    0xff, 0xff, 0xff, 0x50, 0x2, 0xff, 0xff, 0xfb,
    0x20, 0x0, 0x0, 0x2b, 0xff, 0xff, 0xe0, 0x9,
    0xff, 0xff, 0xa0, 0x0, 0x0, 0x0, 0x0, 0x9f,
    0xff, 0xb2, 0xf, 0xff, 0xfe, 0x0, 0x0, 0x0,
    0x0, 0x0, 0x8, 0x40, 0x0, 0x4f, 0xff, 0xf7,
    0x0, 0x0, 0x0, 0x0, 0x0, 0x0, 0x0, 0x0,
    0x7f, 0xff, 0xf3, 0x0, 0x0, 0x0, 0x0, 0x0,
    0x0, 0x0, 0x0, 0x9f, 0xff, 0xf0, 0x0, 0x0,
    0x0, 0x0, 0x0, 0x0, 0x0, 0x0, 0xaf, 0xff,
    0xf0, 0x0, 0x0, 0x0, 0xbf, 0xff, 0xff, 0xff,
    0xfe, 0xaf, 0xff, 0xf0, 0x0, 0x0, 0x0, 0xbf,
    0xff, 0xff, 0xff, 0xfe, 0x9f, 0xff, 0xf1, 0x0,
    0x0, 0x0, 0xbf, 0xff, 0xff, 0xff, 0xfe, 0x7f,
    0xff, 0xf4, 0x0, 0x0, 0x0, 0x46, 0x66, 0x69,
    0xff, 0xfe, 0x3f, 0xff, 0xf8, 0x0, 0x0, 0x0,
    0x0, 0x0, 0x5, 0xff, 0xfe, 0xf, 0xff, 0xfe,
    0x10, 0x0, 0x0, 0x0, 0x0, 0x5, 0xff, 0xfe,
    0x8, 0xff, 0xff, 0xb0, 0x0, 0x0, 0x0, 0x0,
    0x7, 0xff, 0xfe, 0x1, 0xef, 0xff, 0xfc, 0x30,
    0x0, 0x0, 0x4, 0xbf, 0xff, 0xfe, 0x0, 0x4f,
    0xff, 0xff, 0xfd, 0xa9, 0xab, 0xff, 0xff, 0xff,
    0xf8, 0x0, 0x5, 0xff, 0xff, 0xff, 0xff, 0xff,
    0xff, 0xff, 0xfe, 0x60, 0x0, 0x0, 0x2b, 0xff,
    0xff, 0xff, 0xff, 0xff, 0xfe, 0x81, 0x0, 0x0,
    0x0, 0x0, 0x27, 0xbd, 0xef, 0xed, 0xb7, 0x30,
    0x0, 0x0,

    /* U+0048 "H" */
    0xdf, 0xff, 0xc0, 0x0, 0x0, 0x0, 0x0, 0xaf,
    0xff, 0xfd, 0xff, 0xfc, 0x0, 0x0, 0x0, 0x0,
    0xa, 0xff, 0xff, 0xdf, 0xff, 0xc0, 0x0, 0x0,
    0x0, 0x0, 0xaf, 0xff, 0xfd, 0xff, 0xfc, 0x0,
    0x0, 0x0, 0x0, 0xa, 0xff, 0xff, 0xdf, 0xff,
    0xc0, 0x0, 0x0, 0x0, 0x0, 0xaf, 0xff, 0xfd,
    0xff, 0xfc, 0x0, 0x0, 0x0, 0x0, 0xa, 0xff,
    0xff, 0xdf, 0xff, 0xc0, 0x0, 0x0, 0x0, 0x0,
    0xaf, 0xff, 0xfd, 0xff, 0xfc, 0x0, 0x0, 0x0,
    0x0, 0xa, 0xff, 0xff, 0xdf, 0xff, 0xc0, 0x0,
    0x0, 0x0, 0x0, 0xaf, 0xff, 0xfd, 0xff, 0xff,
    0xff, 0xff, 0xff, 0xff, 0xff, 0xff, 0xff, 0xdf,
    0xff, 0xff, 0xff, 0xff, 0xff, 0xff, 0xff, 0xff,
    0xfd, 0xff, 0xff, 0xff, 0xff, 0xff, 0xff, 0xff,
    0xff, 0xff, 0xdf, 0xff, 0xfc, 0xcc, 0xcc, 0xcc,
    0xcc, 0xef, 0xff, 0xfd, 0xff, 0xfc, 0x0, 0x0,
    0x0, 0x0, 0xa, 0xff, 0xff, 0xdf, 0xff, 0xc0,
    0x0, 0x0, 0x0, 0x0, 0xaf, 0xff, 0xfd, 0xff,
    0xfc, 0x0, 0x0, 0x0, 0x0, 0xa, 0xff, 0xff,
    0xdf, 0xff, 0xc0, 0x0, 0x0, 0x0, 0x0, 0xaf,
    0xff, 0xfd, 0xff, 0xfc, 0x0, 0x0, 0x0, 0x0,
    0xa, 0xff, 0xff, 0xdf, 0xff, 0xc0, 0x0, 0x0,
    0x0, 0x0, 0xaf, 0xff, 0xfd, 0xff, 0xfc, 0x0,
    0x0, 0x0, 0x0, 0xa, 0xff, 0xff, 0xdf, 0xff,
    0xc0, 0x0, 0x0, 0x0, 0x0, 0xaf, 0xff, 0xfd,
    0xff, 0xfc, 0x0, 0x0, 0x0, 0x0, 0xa, 0xff,
    0xff,

    /* U+0049 "I" */
    0xdf, 0xff, 0xcd, 0xff, 0xfc, 0xdf, 0xff, 0xcd,
    0xff, 0xfc, 0xdf, 0xff, 0xcd, 0xff, 0xfc, 0xdf,
    0xff, 0xcd, 0xff, 0xfc, 0xdf, 0xff, 0xcd, 0xff,
    0xfc, 0xdf, 0xff, 0xcd, 0xff, 0xfc, 0xdf, 0xff,
    0xcd, 0xff, 0xfc, 0xdf, 0xff, 0xcd, 0xff, 0xfc,
    0xdf, 0xff, 0xcd, 0xff, 0xfc, 0xdf, 0xff, 0xcd,
    0xff, 0xfc, 0xdf, 0xff, 0xcd, 0xff, 0xfc,

    /* U+004A "J" */
    0x0, 0x0, 0x0, 0x6f, 0xff, 0xff, 0xff, 0xf9,
    0x0, 0x0, 0x0, 0x6f, 0xff, 0xff, 0xff, 0xf9,
    0x0, 0x0, 0x0, 0x6f, 0xff, 0xff, 0xff, 0xf9,
    0x0, 0x0, 0x0, 0x39, 0x99, 0x9f, 0xff, 0xf9,
    0x0, 0x0, 0x0, 0x0, 0x0, 0xf, 0xff, 0xf9,
    0x0, 0x0, 0x0, 0x0, 0x0, 0xf, 0xff, 0xf9,
    0x0, 0x0, 0x0, 0x0, 0x0, 0xf, 0xff, 0xf9,
    0x0, 0x0, 0x0, 0x0, 0x0, 0xf, 0xff, 0xf9,
    0x0, 0x0, 0x0, 0x0, 0x0, 0xf, 0xff, 0xf9,
    0x0, 0x0, 0x0, 0x0, 0x0, 0xf, 0xff, 0xf9,
    0x0, 0x0, 0x0, 0x0, 0x0, 0xf, 0xff, 0xf9,
    0x0, 0x0, 0x0, 0x0, 0x0, 0xf, 0xff, 0xf9,
    0x0, 0x0, 0x0, 0x0, 0x0, 0xf, 0xff, 0xf9,
    0x0, 0x0, 0x0, 0x0, 0x0, 0xf, 0xff, 0xf9,
    0x0, 0x0, 0x0, 0x0, 0x0, 0xf, 0xff, 0xf9,
    0x15, 0x7a, 0xc2, 0x0, 0x0, 0xf, 0xff, 0xf8,
    0x5f, 0xff, 0xf7, 0x0, 0x0, 0x3f, 0xff, 0xf7,
    0x1f, 0xff, 0xfe, 0x20, 0x0, 0xbf, 0xff, 0xf3,
    0xa, 0xff, 0xff, 0xfa, 0x9d, 0xff, 0xff, 0xc0,
    0x1, 0xef, 0xff, 0xff, 0xff, 0xff, 0xff, 0x30,
    0x0, 0x2d, 0xff, 0xff, 0xff, 0xff, 0xe3, 0x0,
    0x0, 0x0, 0x6b, 0xef, 0xfe, 0xb6, 0x0, 0x0,

    /* U+004B "K" */
    0xdf, 0xff, 0xc0, 0x0, 0x0, 0x0, 0x0, 0xcf,
    0xff, 0xf8, 0xd, 0xff, 0xfc, 0x0, 0x0, 0x0,
    0x0, 0xcf, 0xff, 0xf8, 0x0, 0xdf, 0xff, 0xc0,
    0x0, 0x0, 0x0, 0xcf, 0xff, 0xf8, 0x0, 0xd,
    0xff, 0xfc, 0x0, 0x0, 0x0, 0xcf, 0xff, 0xf8,
    0x0, 0x0, 0xdf, 0xff, 0xc0, 0x0, 0x0, 0xcf,
    0xff, 0xf8, 0x0, 0x0, 0xd, 0xff, 0xfc, 0x0,
    0x0, 0xcf, 0xff, 0xf7, 0x0, 0x0, 0x0, 0xdf,
    0xff, 0xc0, 0x0, 0xbf, 0xff, 0xf7, 0x0, 0x0,
    0x0, 0xd, 0xff, 0xfc, 0x0, 0xbf, 0xff, 0xf7,
    0x0, 0x0, 0x0, 0x0, 0xdf, 0xff, 0xc0, 0xbf,
    0xff, 0xf7, 0x0, 0x0, 0x0, 0x0, 0xd, 0xff,
    0xfc, 0xbf, 0xff, 0xfd, 0x0, 0x0, 0x0, 0x0,
    0x0, 0xdf, 0xff, 0xff, 0xff, 0xff, 0xf9, 0x0,
    0x0, 0x0, 0x0, 0xd, 0xff, 0xff, 0xff, 0xff,
    0xff, 0xf6, 0x0, 0x0, 0x0, 0x0, 0xdf, 0xff,
    0xff, 0xa2, 0xef, 0xff, 0xf3, 0x0, 0x0, 0x0,
    0xd, 0xff, 0xff, 0x60, 0x4, 0xff, 0xff, 0xe1,
    0x0, 0x0, 0x0, 0xdf, 0xff, 0xc0, 0x0, 0x7,
    0xff, 0xff, 0xc0, 0x0, 0x0, 0xd, 0xff, 0xfc,
    0x0, 0x0, 0xb, 0xff, 0xff, 0x90, 0x0, 0x0,
    0xdf, 0xff, 0xc0, 0x0, 0x0, 0x1d, 0xff, 0xff,
    0x60, 0x0, 0xd, 0xff, 0xfc, 0x0, 0x0, 0x0,
    0x2f, 0xff, 0xff, 0x30, 0x0, 0xdf, 0xff, 0xc0,
    0x0, 0x0, 0x0, 0x5f, 0xff, 0xfe, 0x10, 0xd,
    0xff, 0xfc, 0x0, 0x0, 0x0, 0x0, 0x9f, 0xff,
    0xfc, 0x0, 0xdf, 0xff, 0xc0, 0x0, 0x0, 0x0,
    0x0, 0xcf, 0xff, 0xf9, 0xd, 0xff, 0xfc, 0x0,
    0x0, 0x0, 0x0, 0x1, 0xef, 0xff, 0xf6,

    /* U+004C "L" */
    0xdf, 0xff, 0xc0, 0x0, 0x0, 0x0, 0x0, 0x0,
    0xd, 0xff, 0xfc, 0x0, 0x0, 0x0, 0x0, 0x0,
    0x0, 0xdf, 0xff, 0xc0, 0x0, 0x0, 0x0, 0x0,
    0x0, 0xd, 0xff, 0xfc, 0x0, 0x0, 0x0, 0x0,
    0x0, 0x0, 0xdf, 0xff, 0xc0, 0x0, 0x0, 0x0,
    0x0, 0x0, 0xd, 0xff, 0xfc, 0x0, 0x0, 0x0,
    0x0, 0x0, 0x0, 0xdf, 0xff, 0xc0, 0x0, 0x0,
    0x0, 0x0, 0x0, 0xd, 0xff, 0xfc, 0x0, 0x0,
    0x0, 0x0, 0x0, 0x0, 0xdf, 0xff, 0xc0, 0x0,
    0x0, 0x0, 0x0, 0x0, 0xd, 0xff, 0xfc, 0x0,
    0x0, 0x0, 0x0, 0x0, 0x0, 0xdf, 0xff, 0xc0,
    0x0, 0x0, 0x0, 0x0, 0x0, 0xd, 0xff, 0xfc,
    0x0, 0x0, 0x0, 0x0, 0x0, 0x0, 0xdf, 0xff,
    0xc0, 0x0, 0x0, 0x0, 0x0, 0x0, 0xd, 0xff,
    0xfc, 0x0, 0x0, 0x0, 0x0, 0x0, 0x0, 0xdf,
    0xff, 0xc0, 0x0, 0x0, 0x0, 0x0, 0x0, 0xd,
    0xff, 0xfc, 0x0, 0x0, 0x0, 0x0, 0x0, 0x0,
    0xdf, 0xff, 0xc0, 0x0, 0x0, 0x0, 0x0, 0x0,
    0xd, 0xff, 0xfc, 0x0, 0x0, 0x0, 0x0, 0x0,
    0x0, 0xdf, 0xff, 0xe8, 0x88, 0x88, 0x88, 0x88,
    0x88, 0x4d, 0xff, 0xff, 0xff, 0xff, 0xff, 0xff,
    0xff, 0xf9, 0xdf, 0xff, 0xff, 0xff, 0xff, 0xff,
    0xff, 0xff, 0x9d, 0xff, 0xff, 0xff, 0xff, 0xff,
    0xff, 0xff, 0xf9,

    /* U+004D "M" */
    0xdf, 0xff, 0xff, 0x70, 0x0, 0x0, 0x0, 0x0,
    0xcf, 0xff, 0xff, 0x8d, 0xff, 0xff, 0xfc, 0x0,
    0x0, 0x0, 0x0, 0x1f, 0xff, 0xff, 0xf8, 0xdf,
    0xff, 0xff, 0xf1, 0x0, 0x0, 0x0, 0x6, 0xff,
    0xff, 0xff, 0x8d, 0xff, 0xff, 0xff, 0x60, 0x0,
    0x0, 0x0, 0xbf, 0xff, 0xff, 0xf8, 0xdf, 0xff,
    0xdf, 0xfc, 0x0, 0x0, 0x0, 0xf, 0xff, 0xdf,
    0xff, 0x8d, 0xff, 0xf9, 0xff, 0xf1, 0x0, 0x0,
    0x5, 0xff, 0xfa, 0xff, 0xf8, 0xdf, 0xff, 0x6f,
    0xff, 0x60, 0x0, 0x0, 0xaf, 0xfd, 0x8f, 0xff,
    0x8d, 0xff, 0xf3, 0xef, 0xfb, 0x0, 0x0, 0xf,
    0xff, 0x99, 0xff, 0xf8, 0xdf, 0xff, 0x3a, 0xff,
    0xf0, 0x0, 0x4, 0xff, 0xf4, 0x9f, 0xff, 0x8d,
    0xff, 0xf3, 0x5f, 0xff, 0x50, 0x0, 0x9f, 0xff,
    0x9, 0xff, 0xf8, 0xdf, 0xff, 0x30, 0xff, 0xfa,
    0x0, 0xe, 0xff, 0xb0, 0x9f, 0xff, 0x8d, 0xff,
    0xf3, 0xb, 0xff, 0xf0, 0x3, 0xff, 0xf5, 0x9,
    0xff, 0xf8, 0xdf, 0xff, 0x30, 0x6f, 0xff, 0x40,
    0x8f, 0xff, 0x10, 0x9f, 0xff, 0x8d, 0xff, 0xf3,
    0x1, 0xff, 0xf9, 0xd, 0xff, 0xb0, 0x9, 0xff,
    0xf8, 0xdf, 0xff, 0x30, 0xb, 0xff, 0xd1, 0xff,
    0xf6, 0x0, 0x9f, 0xff, 0x8d, 0xff, 0xf3, 0x0,
    0x6f, 0xff, 0x8f, 0xff, 0x10, 0x9, 0xff, 0xf8,
    0xdf, 0xff, 0x30, 0x1, 0xff, 0xff, 0xff, 0xb0,
    0x0, 0x9f, 0xff, 0x8d, 0xff, 0xf3, 0x0, 0xc,
    0xff, 0xff, 0xf6, 0x0, 0x9, 0xff, 0xf8, 0xdf,
    0xff, 0x30, 0x0, 0x7f, 0xff, 0xff, 0x10, 0x0,
    0x9f, 0xff, 0x8d, 0xff, 0xf3, 0x0, 0x2, 0xff,
    0xff, 0xc0, 0x0, 0x9, 0xff, 0xf8, 0xdf, 0xff,
    0x30, 0x0, 0xc, 0xff, 0xf7, 0x0, 0x0, 0x9f,
    0xff, 0x8d, 0xff, 0xf3, 0x0, 0x0, 0x7f, 0xff,
    0x20, 0x0, 0x9, 0xff, 0xf8,

    /* U+004E "N" */
    0xdf, 0xff, 0xfb, 0x0, 0x0, 0x0, 0x0, 0x2f,
    0xff, 0xfd, 0xff, 0xff, 0xf4, 0x0, 0x0, 0x0,
    0x2, 0xff, 0xff, 0xdf, 0xff, 0xff, 0xd0, 0x0,
    0x0, 0x0, 0x2f, 0xff, 0xfd, 0xff, 0xff, 0xff,
    0x60, 0x0, 0x0, 0x2, 0xff, 0xff, 0xdf, 0xff,
    0xff, 0xfe, 0x0, 0x0, 0x0, 0x2f, 0xff, 0xfd,
    0xff, 0xfc, 0xff, 0xf8, 0x0, 0x0, 0x2, 0xff,
    0xff, 0xdf, 0xff, 0x5f, 0xff, 0xf2, 0x0, 0x0,
    0x2f, 0xff, 0xfd, 0xff, 0xf2, 0xaf, 0xff, 0xa0,
    0x0, 0x2, 0xff, 0xff, 0xdf, 0xff, 0x32, 0xff,
    0xff, 0x40, 0x0, 0x2f, 0xff, 0xfd, 0xff, 0xf3,
    0x8, 0xff, 0xfc, 0x0, 0x2, 0xff, 0xff, 0xdf,
    0xff, 0x30, 0xe, 0xff, 0xf6, 0x0, 0x2f, 0xff,
    0xfd, 0xff, 0xf3, 0x0, 0x6f, 0xff, 0xe0, 0x2,
    0xff, 0xff, 0xdf, 0xff, 0x30, 0x0, 0xdf, 0xff,
    0x80, 0x2f, 0xff, 0xfd, 0xff, 0xf3, 0x0, 0x4,
    0xff, 0xff, 0x21, 0xff, 0xff, 0xdf, 0xff, 0x30,
    0x0, 0xb, 0xff, 0xfa, 0x1f, 0xff, 0xfd, 0xff,
    0xf3, 0x0, 0x0, 0x2f, 0xff, 0xf4, 0xff, 0xff,
    0xdf, 0xff, 0x30, 0x0, 0x0, 0x9f, 0xff, 0xce,
    0xff, 0xfd, 0xff, 0xf3, 0x0, 0x0, 0x1, 0xef,
    0xff, 0xff, 0xff, 0xdf, 0xff, 0x30, 0x0, 0x0,
    0x7, 0xff, 0xff, 0xff, 0xfd, 0xff, 0xf3, 0x0,
    0x0, 0x0, 0xd, 0xff, 0xff, 0xff, 0xdf, 0xff,
    0x30, 0x0, 0x0, 0x0, 0x4f, 0xff, 0xff, 0xfd,
    0xff, 0xf3, 0x0, 0x0, 0x0, 0x0, 0xbf, 0xff,
    0xff,

    /* U+004F "O" */
    0x0, 0x0, 0x0, 0x27, 0xbd, 0xef, 0xed, 0xa6,
    0x10, 0x0, 0x0, 0x0, 0x0, 0x2, 0xaf, 0xff,
    0xff, 0xff, 0xff, 0xff, 0x91, 0x0, 0x0, 0x0,
    0x4, 0xff, 0xff, 0xff, 0xff, 0xff, 0xff, 0xff,
    0xd3, 0x0, 0x0, 0x4, 0xff, 0xff, 0xff, 0xda,
    0x9a, 0xef, 0xff, 0xff, 0xe2, 0x0, 0x1, 0xef,
    0xff, 0xfb, 0x20, 0x0, 0x0, 0x4d, 0xff, 0xff,
    0xd0, 0x0, 0x8f, 0xff, 0xfa, 0x0, 0x0, 0x0,
    0x0, 0x1d, 0xff, 0xff, 0x50, 0xf, 0xff, 0xfe,
    0x10, 0x0, 0x0, 0x0, 0x0, 0x3f, 0xff, 0xfd,
    0x4, 0xff, 0xff, 0x80, 0x0, 0x0, 0x0, 0x0,
    0x0, 0xbf, 0xff, 0xf1, 0x7f, 0xff, 0xf3, 0x0,
    0x0, 0x0, 0x0, 0x0, 0x7, 0xff, 0xff, 0x59,
    0xff, 0xff, 0x0, 0x0, 0x0, 0x0, 0x0, 0x0,
    0x4f, 0xff, 0xf6, 0xaf, 0xff, 0xf0, 0x0, 0x0,
    0x0, 0x0, 0x0, 0x2, 0xff, 0xff, 0x8a, 0xff,
    0xff, 0x0, 0x0, 0x0, 0x0, 0x0, 0x0, 0x3f,
    0xff, 0xf8, 0x9f, 0xff, 0xf1, 0x0, 0x0, 0x0,
    0x0, 0x0, 0x4, 0xff, 0xff, 0x77, 0xff, 0xff,
    0x40, 0x0, 0x0, 0x0, 0x0, 0x0, 0x7f, 0xff,
    0xf4, 0x3f, 0xff, 0xf9, 0x0, 0x0, 0x0, 0x0,
    0x0, 0xb, 0xff, 0xff, 0x10, 0xef, 0xff, 0xf1,
    0x0, 0x0, 0x0, 0x0, 0x3, 0xff, 0xff, 0xb0,
    0x7, 0xff, 0xff, 0xb0, 0x0, 0x0, 0x0, 0x1,
    0xdf, 0xff, 0xf4, 0x0, 0xe, 0xff, 0xff, 0xc3,
    0x0, 0x0, 0x4, 0xdf, 0xff, 0xfb, 0x0, 0x0,
    0x3f, 0xff, 0xff, 0xfd, 0xa9, 0xae, 0xff, 0xff,
    0xfe, 0x10, 0x0, 0x0, 0x4e, 0xff, 0xff, 0xff,
    0xff, 0xff, 0xff, 0xfd, 0x20, 0x0, 0x0, 0x0,
    0x1a, 0xff, 0xff, 0xff, 0xff, 0xff, 0xf8, 0x0,
    0x0, 0x0, 0x0, 0x0, 0x2, 0x7b, 0xde, 0xff,
    0xda, 0x61, 0x0, 0x0, 0x0,

    /* U+0050 "P" */
    0xdf, 0xff, 0xff, 0xff, 0xff, 0xfe, 0xc8, 0x20,
    0x0, 0xd, 0xff, 0xff, 0xff, 0xff, 0xff, 0xff,
    0xff, 0x80, 0x0, 0xdf, 0xff, 0xff, 0xff, 0xff,
    0xff, 0xff, 0xff, 0xa0, 0xd, 0xff, 0xfe, 0x88,
    0x88, 0x89, 0xdf, 0xff, 0xff, 0x60, 0xdf, 0xff,
    0xc0, 0x0, 0x0, 0x0, 0x6f, 0xff, 0xfd, 0xd,
    0xff, 0xfc, 0x0, 0x0, 0x0, 0x0, 0xbf, 0xff,
    0xf1, 0xdf, 0xff, 0xc0, 0x0, 0x0, 0x0, 0x7,
    0xff, 0xff, 0x3d, 0xff, 0xfc, 0x0, 0x0, 0x0,
    0x0, 0x6f, 0xff, 0xf3, 0xdf, 0xff, 0xc0, 0x0,
    0x0, 0x0, 0x9, 0xff, 0xff, 0x1d, 0xff, 0xfc,
    0x0, 0x0, 0x0, 0x1, 0xef, 0xff, 0xd0, 0xdf,
    0xff, 0xc0, 0x0, 0x0, 0x15, 0xef, 0xff, 0xf7,
    0xd, 0xff, 0xff, 0xff, 0xff, 0xff, 0xff, 0xff,
    0xfd, 0x0, 0xdf, 0xff, 0xff, 0xff, 0xff, 0xff,
    0xff, 0xfd, 0x20, 0xd, 0xff, 0xff, 0xff, 0xff,
    0xff, 0xff, 0xe8, 0x0, 0x0, 0xdf, 0xff, 0xe8,
    0x88, 0x88, 0x76, 0x30, 0x0, 0x0, 0xd, 0xff,
    0xfc, 0x0, 0x0, 0x0, 0x0, 0x0, 0x0, 0x0,
    0xdf, 0xff, 0xc0, 0x0, 0x0, 0x0, 0x0, 0x0,
    0x0, 0xd, 0xff, 0xfc, 0x0, 0x0, 0x0, 0x0,
    0x0, 0x0, 0x0, 0xdf, 0xff, 0xc0, 0x0, 0x0,
    0x0, 0x0, 0x0, 0x0, 0xd, 0xff, 0xfc, 0x0,
    0x0, 0x0, 0x0, 0x0, 0x0, 0x0, 0xdf, 0xff,
    0xc0, 0x0, 0x0, 0x0, 0x0, 0x0, 0x0, 0xd,
    0xff, 0xfc, 0x0, 0x0, 0x0, 0x0, 0x0, 0x0,
    0x0,

    /* U+0051 "Q" */
    0x0, 0x0, 0x0, 0x26, 0xbd, 0xef, 0xed, 0xa6,
    0x10, 0x0, 0x0, 0x0, 0x0, 0x1, 0x9f, 0xff,
    0xff, 0xff, 0xff, 0xff, 0x80, 0x0, 0x0, 0x0,
    0x3, 0xef, 0xff, 0xff, 0xff, 0xff, 0xff, 0xff,
    0xc1, 0x0, 0x0, 0x2, 0xff, 0xff, 0xff, 0xda,
    0x9a, 0xef, 0xff, 0xff, 0xd1, 0x0, 0x0, 0xdf,
    0xff, 0xfc, 0x30, 0x0, 0x0, 0x5e, 0xff, 0xff,
    0xb0, 0x0, 0x6f, 0xff, 0xfc, 0x0, 0x0, 0x0,
    0x0, 0x2e, 0xff, 0xff, 0x40, 0xe, 0xff, 0xff,
    0x10, 0x0, 0x0, 0x0, 0x0, 0x4f, 0xff, 0xfb,
    0x2, 0xff, 0xff, 0x90, 0x0, 0x0, 0x0, 0x0,
    0x0, 0xdf, 0xff, 0xf0, 0x6f, 0xff, 0xf4, 0x0,
    0x0, 0x0, 0x0, 0x0, 0x7, 0xff, 0xff, 0x48,
    0xff, 0xff, 0x10, 0x0, 0x0, 0x0, 0x0, 0x0,
    0x4f, 0xff, 0xf6, 0xaf, 0xff, 0xf0, 0x0, 0x0,
    0x0, 0x0, 0x0, 0x3, 0xff, 0xff, 0x7a, 0xff,
    0xff, 0x0, 0x0, 0x0, 0x0, 0x0, 0x0, 0x2f,
    0xff, 0xf8, 0x9f, 0xff, 0xf0, 0x0, 0x0, 0x0,
    0x0, 0x0, 0x3, 0xff, 0xff, 0x78, 0xff, 0xff,
    0x20, 0x0, 0x0, 0x0, 0x0, 0x0, 0x5f, 0xff,
    0xf6, 0x5f, 0xff, 0xf5, 0x0, 0x0, 0x0, 0x0,
    0x0, 0x8, 0xff, 0xff, 0x32, 0xff, 0xff, 0xb0,
    0x0, 0x0, 0x0, 0x0, 0x0, 0xdf, 0xff, 0xf0,
    0xc, 0xff, 0xff, 0x30, 0x0, 0x0, 0x0, 0x0,
    0x5f, 0xff, 0xf9, 0x0, 0x6f, 0xff, 0xfd, 0x10,
    0x0, 0x0, 0x0, 0x2e, 0xff, 0xff, 0x30, 0x0,
    0xcf, 0xff, 0xfe, 0x50, 0x0, 0x0, 0x6e, 0xff,
    0xff, 0x90, 0x0, 0x2, 0xef, 0xff, 0xff, 0xec,
    0xbc, 0xff, 0xff, 0xff, 0xc0, 0x0, 0x0, 0x2,
    0xef, 0xff, 0xff, 0xff, 0xff, 0xff, 0xff, 0xb1,
    0x0, 0x0, 0x0, 0x0, 0x8f, 0xff, 0xff, 0xff,
    0xff, 0xfe, 0x60, 0x0, 0x0, 0x0, 0x0, 0x0,
    0x5, 0x9c, 0xff, 0xff, 0xb4, 0x0, 0x0, 0x0,
    0x0, 0x0, 0x0, 0x0, 0x0, 0x1f, 0xff, 0xfc,
    0x0, 0x0, 0x0, 0x0, 0x0, 0x0, 0x0, 0x0,
    0x0, 0xaf, 0xff, 0xf7, 0x0, 0x0, 0x0, 0x0,
    0x0, 0x0, 0x0, 0x0, 0x3, 0xff, 0xff, 0xfc,
    0x86, 0x73, 0x0, 0x0, 0x0, 0x0, 0x0, 0x0,
    0x8, 0xff, 0xff, 0xff, 0xff, 0x60, 0x0, 0x0,
    0x0, 0x0, 0x0, 0x0, 0xa, 0xff, 0xff, 0xff,
    0xf6, 0x0, 0x0, 0x0, 0x0, 0x0, 0x0, 0x0,
    0x4, 0xbe, 0xff, 0xdb, 0x30, 0x0,

    /* U+0052 "R" */
    0xdf, 0xff, 0xff, 0xff, 0xff, 0xff, 0xec, 0x94,
    0x0, 0x0, 0xd, 0xff, 0xff, 0xff, 0xff, 0xff,
    0xff, 0xff, 0xfc, 0x20, 0x0, 0xdf, 0xff, 0xff,
    0xff, 0xff, 0xff, 0xff, 0xff, 0xfe, 0x10, 0xd,
    0xff, 0xfe, 0x88, 0x88, 0x88, 0x9c, 0xff, 0xff,
    0xfa, 0x0, 0xdf, 0xff, 0xc0, 0x0, 0x0, 0x0,
    0x3, 0xff, 0xff, 0xf1, 0xd, 0xff, 0xfc, 0x0,
    0x0, 0x0, 0x0, 0x7, 0xff, 0xff, 0x40, 0xdf,
    0xff, 0xc0, 0x0, 0x0, 0x0, 0x0, 0x4f, 0xff,
    0xf5, 0xd, 0xff, 0xfc, 0x0, 0x0, 0x0, 0x0,
    0x6, 0xff, 0xff, 0x40, 0xdf, 0xff, 0xc0, 0x0,
    0x0, 0x0, 0x0, 0xcf, 0xff, 0xf1, 0xd, 0xff,
    0xfc, 0x0, 0x0, 0x0, 0x14, 0xcf, 0xff, 0xfa,
    0x0, 0xdf, 0xff, 0xff, 0xff, 0xff, 0xff, 0xff,
    0xff, 0xfe, 0x10, 0xd, 0xff, 0xff, 0xff, 0xff,
    0xff, 0xff, 0xff, 0xfc, 0x20, 0x0, 0xdf, 0xff,
    0xff, 0xff, 0xff, 0xff, 0xff, 0xd5, 0x0, 0x0,
    0xd, 0xff, 0xfe, 0x88, 0x88, 0x8d, 0xff, 0xff,
    0x10, 0x0, 0x0, 0xdf, 0xff, 0xc0, 0x0, 0x0,
    0x4f, 0xff, 0xfa, 0x0, 0x0, 0xd, 0xff, 0xfc,
    0x0, 0x0, 0x0, 0xaf, 0xff, 0xf4, 0x0, 0x0,
    0xdf, 0xff, 0xc0, 0x0, 0x0, 0x1, 0xff, 0xff,
    0xe0, 0x0, 0xd, 0xff, 0xfc, 0x0, 0x0, 0x0,
    0x7, 0xff, 0xff, 0x90, 0x0, 0xdf, 0xff, 0xc0,
    0x0, 0x0, 0x0, 0xd, 0xff, 0xff, 0x30, 0xd,
    0xff, 0xfc, 0x0, 0x0, 0x0, 0x0, 0x3f, 0xff,
    0xfd, 0x0, 0xdf, 0xff, 0xc0, 0x0, 0x0, 0x0,
    0x0, 0xaf, 0xff, 0xf7, 0xd, 0xff, 0xfc, 0x0,
    0x0, 0x0, 0x0, 0x1, 0xff, 0xff, 0xf2,

    /* U+0053 "S" */
    0x0, 0x0, 0x2, 0x7b, 0xdf, 0xff, 0xec, 0x95,
    0x0, 0x0, 0x0, 0x0, 0x9, 0xff, 0xff, 0xff,
    0xff, 0xff, 0xfe, 0x30, 0x0, 0x0, 0xc, 0xff,
    0xff, 0xff, 0xff, 0xff, 0xff, 0xff, 0x30, 0x0,
    0x7, 0xff, 0xff, 0xd7, 0x44, 0x57, 0xdf, 0xff,
    0xfd, 0x0, 0x0, 0xdf, 0xff, 0xd0, 0x0, 0x0,
    0x0, 0xbf, 0xff, 0xf3, 0x0, 0xf, 0xff, 0xf7,
    0x0, 0x0, 0x0, 0x2, 0xec, 0xa8, 0x30, 0x0,
    0xff, 0xff, 0x90, 0x0, 0x0, 0x0, 0x0, 0x0,
    0x0, 0x0, 0xd, 0xff, 0xff, 0x50, 0x0, 0x0,
    0x0, 0x0, 0x0, 0x0, 0x0, 0x7f, 0xff, 0xff,
    0xd9, 0x41, 0x0, 0x0, 0x0, 0x0, 0x0, 0x0,
    0xcf, 0xff, 0xff, 0xff, 0xfd, 0xa6, 0x10, 0x0,
    0x0, 0x0, 0x0, 0x9f, 0xff, 0xff, 0xff, 0xff,
    0xff, 0xb3, 0x0, 0x0, 0x0, 0x0, 0x28, 0xcf,
    0xff, 0xff, 0xff, 0xff, 0xf7, 0x0, 0x0, 0x0,
    0x0, 0x0, 0x4, 0x7b, 0xff, 0xff, 0xff, 0xf4,
    0x0, 0x0, 0x0, 0x0, 0x0, 0x0, 0x0, 0x4c,
    0xff, 0xff, 0xc0, 0x0, 0x0, 0x0, 0x0, 0x0,
    0x0, 0x0, 0xc, 0xff, 0xff, 0x0, 0x2, 0x47,
    0x40, 0x0, 0x0, 0x0, 0x0, 0x7f, 0xff, 0xf1,
    0xe, 0xff, 0xfd, 0x0, 0x0, 0x0, 0x0, 0x8,
    0xff, 0xff, 0x0, 0x9f, 0xff, 0xfb, 0x0, 0x0,
    0x0, 0x3, 0xff, 0xff, 0xc0, 0x1, 0xff, 0xff,
    0xff, 0xa7, 0x66, 0x8c, 0xff, 0xff, 0xf5, 0x0,
    0x4, 0xff, 0xff, 0xff, 0xff, 0xff, 0xff, 0xff,
    0xf9, 0x0, 0x0, 0x2, 0xcf, 0xff, 0xff, 0xff,
    0xff, 0xff, 0xe6, 0x0, 0x0, 0x0, 0x0, 0x38,
    0xbe, 0xff, 0xfe, 0xc9, 0x50, 0x0, 0x0,

    /* U+0054 "T" */
    0xaf, 0xff, 0xff, 0xff, 0xff, 0xff, 0xff, 0xff,
    0xff, 0xf3, 0xaf, 0xff, 0xff, 0xff, 0xff, 0xff,
    0xff, 0xff, 0xff, 0xf3, 0xaf, 0xff, 0xff, 0xff,
    0xff, 0xff, 0xff, 0xff, 0xff, 0xf3, 0x58, 0x88,
    0x88, 0x8c, 0xff, 0xff, 0x88, 0x88, 0x88, 0x81,
    0x0, 0x0, 0x0, 0x8, 0xff, 0xff, 0x10, 0x0,
    0x0, 0x0, 0x0, 0x0, 0x0, 0x8, 0xff, 0xff,
    0x10, 0x0, 0x0, 0x0, 0x0, 0x0, 0x0, 0x8,
    0xff, 0xff, 0x10, 0x0, 0x0, 0x0, 0x0, 0x0,
    0x0, 0x8, 0xff, 0xff, 0x10, 0x0, 0x0, 0x0,
    0x0, 0x0, 0x0, 0x8, 0xff, 0xff, 0x10, 0x0,
    0x0, 0x0, 0x0, 0x0, 0x0, 0x8, 0xff, 0xff,
    0x10, 0x0, 0x0, 0x0, 0x0, 0x0, 0x0, 0x8,
    0xff, 0xff, 0x10, 0x0, 0x0, 0x0, 0x0, 0x0,
    0x0, 0x8, 0xff, 0xff, 0x10, 0x0, 0x0, 0x0,
    0x0, 0x0, 0x0, 0x8, 0xff, 0xff, 0x10, 0x0,
    0x0, 0x0, 0x0, 0x0, 0x0, 0x8, 0xff, 0xff,
    0x10, 0x0, 0x0, 0x0, 0x0, 0x0, 0x0, 0x8,
    0xff, 0xff, 0x10, 0x0, 0x0, 0x0, 0x0, 0x0,
    0x0, 0x8, 0xff, 0xff, 0x10, 0x0, 0x0, 0x0,
    0x0, 0x0, 0x0, 0x8, 0xff, 0xff, 0x10, 0x0,
    0x0, 0x0, 0x0, 0x0, 0x0, 0x8, 0xff, 0xff,
    0x10, 0x0, 0x0, 0x0, 0x0, 0x0, 0x0, 0x8,
    0xff, 0xff, 0x10, 0x0, 0x0, 0x0, 0x0, 0x0,
    0x0, 0x8, 0xff, 0xff, 0x10, 0x0, 0x0, 0x0,
    0x0, 0x0, 0x0, 0x8, 0xff, 0xff, 0x10, 0x0,
    0x0, 0x0, 0x0, 0x0, 0x0, 0x8, 0xff, 0xff,
    0x10, 0x0, 0x0, 0x0,

    /* U+0055 "U" */
    0x1f, 0xff, 0xf8, 0x0, 0x0, 0x0, 0x0, 0x7,
    0xff, 0xff, 0x21, 0xff, 0xff, 0x80, 0x0, 0x0,
    0x0, 0x0, 0x7f, 0xff, 0xf2, 0x1f, 0xff, 0xf8,
    0x0, 0x0, 0x0, 0x0, 0x7, 0xff, 0xff, 0x21,
    0xff, 0xff, 0x80, 0x0, 0x0, 0x0, 0x0, 0x7f,
    0xff, 0xf2, 0x1f, 0xff, 0xf8, 0x0, 0x0, 0x0,
    0x0, 0x7, 0xff, 0xff, 0x21, 0xff, 0xff, 0x80,
    0x0, 0x0, 0x0, 0x0, 0x7f, 0xff, 0xf2, 0x1f,
    0xff, 0xf8, 0x0, 0x0, 0x0, 0x0, 0x7, 0xff,
    0xff, 0x21, 0xff, 0xff, 0x80, 0x0, 0x0, 0x0,
    0x0, 0x7f, 0xff, 0xf2, 0x1f, 0xff, 0xf8, 0x0,
    0x0, 0x0, 0x0, 0x7, 0xff, 0xff, 0x21, 0xff,
    0xff, 0x80, 0x0, 0x0, 0x0, 0x0, 0x7f, 0xff,
    0xf2, 0x1f, 0xff, 0xf8, 0x0, 0x0, 0x0, 0x0,
    0x7, 0xff, 0xff, 0x21, 0xff, 0xff, 0x80, 0x0,
    0x0, 0x0, 0x0, 0x7f, 0xff, 0xf2, 0x1f, 0xff,
    0xf8, 0x0, 0x0, 0x0, 0x0, 0x7, 0xff, 0xff,
    0x21, 0xff, 0xff, 0x80, 0x0, 0x0, 0x0, 0x0,
    0x7f, 0xff, 0xf2, 0xf, 0xff, 0xfa, 0x0, 0x0,
    0x0, 0x0, 0x9, 0xff, 0xff, 0x0, 0xef, 0xff,
    0xd0, 0x0, 0x0, 0x0, 0x0, 0xdf, 0xff, 0xe0,
    0xa, 0xff, 0xff, 0x50, 0x0, 0x0, 0x0, 0x6f,
    0xff, 0xfa, 0x0, 0x4f, 0xff, 0xff, 0x50, 0x0,
    0x0, 0x6f, 0xff, 0xff, 0x30, 0x0, 0xcf, 0xff,
    0xff, 0xda, 0x9a, 0xef, 0xff, 0xff, 0xa0, 0x0,
    0x1, 0xdf, 0xff, 0xff, 0xff, 0xff, 0xff, 0xff,
    0xb0, 0x0, 0x0, 0x0, 0xaf, 0xff, 0xff, 0xff,
    0xff, 0xff, 0x70, 0x0, 0x0, 0x0, 0x0, 0x27,
    0xbe, 0xff, 0xed, 0xa6, 0x0, 0x0, 0x0,

    /* U+0056 "V" */
    0x9f, 0xff, 0xf3, 0x0, 0x0, 0x0, 0x0, 0x0,
    0xcf, 0xff, 0xe0, 0x3f, 0xff, 0xf8, 0x0, 0x0,
    0x0, 0x0, 0x1, 0xff, 0xff, 0x90, 0xd, 0xff,
    0xfd, 0x0, 0x0, 0x0, 0x0, 0x7, 0xff, 0xff,
    0x30, 0x7, 0xff, 0xff, 0x20, 0x0, 0x0, 0x0,
    0xc, 0xff, 0xfd, 0x0, 0x1, 0xff, 0xff, 0x70,
    0x0, 0x0, 0x0, 0x1f, 0xff, 0xf7, 0x0, 0x0,
    0xbf, 0xff, 0xc0, 0x0, 0x0, 0x0, 0x6f, 0xff,
    0xf1, 0x0, 0x0, 0x6f, 0xff, 0xf1, 0x0, 0x0,
    0x0, 0xbf, 0xff, 0xb0, 0x0, 0x0, 0xf, 0xff,
    0xf6, 0x0, 0x0, 0x0, 0xff, 0xff, 0x50, 0x0,
    0x0, 0xa, 0xff, 0xfc, 0x0, 0x0, 0x5, 0xff,
    0xff, 0x0, 0x0, 0x0, 0x4, 0xff, 0xff, 0x10,
    0x0, 0xa, 0xff, 0xfa, 0x0, 0x0, 0x0, 0x0,
    0xef, 0xff, 0x60, 0x0, 0xf, 0xff, 0xf4, 0x0,
    0x0, 0x0, 0x0, 0x8f, 0xff, 0xb0, 0x0, 0x5f,
    0xff, 0xe0, 0x0, 0x0, 0x0, 0x0, 0x2f, 0xff,
    0xf0, 0x0, 0xaf, 0xff, 0x80, 0x0, 0x0, 0x0,
    0x0, 0xc, 0xff, 0xf5, 0x0, 0xef, 0xff, 0x20,
    0x0, 0x0, 0x0, 0x0, 0x6, 0xff, 0xfa, 0x4,
    0xff, 0xfc, 0x0, 0x0, 0x0, 0x0, 0x0, 0x1,
    0xff, 0xff, 0x8, 0xff, 0xf6, 0x0, 0x0, 0x0,
    0x0, 0x0, 0x0, 0xaf, 0xff, 0x3d, 0xff, 0xf1,
    0x0, 0x0, 0x0, 0x0, 0x0, 0x0, 0x4f, 0xff,
    0x9f, 0xff, 0xa0, 0x0, 0x0, 0x0, 0x0, 0x0,
    0x0, 0xe, 0xff, 0xff, 0xff, 0x50, 0x0, 0x0,
    0x0, 0x0, 0x0, 0x0, 0x9, 0xff, 0xff, 0xfe,
    0x0, 0x0, 0x0, 0x0, 0x0, 0x0, 0x0, 0x3,
    0xff, 0xff, 0xf9, 0x0, 0x0, 0x0, 0x0, 0x0,
    0x0, 0x0, 0x0, 0xdf, 0xff, 0xf3, 0x0, 0x0,
    0x0, 0x0,

    /* U+0057 "W" */
    0xdf, 0xff, 0xd0, 0x0, 0x0, 0x0, 0x8f, 0xff,
    0xfd, 0x0, 0x0, 0x0, 0x9, 0xff, 0xff, 0x9,
    0xff, 0xff, 0x0, 0x0, 0x0, 0xc, 0xff, 0xff,
    0xf1, 0x0, 0x0, 0x0, 0xdf, 0xff, 0xc0, 0x5f,
    0xff, 0xf4, 0x0, 0x0, 0x0, 0xff, 0xff, 0xff,
    0x50, 0x0, 0x0, 0xf, 0xff, 0xf8, 0x1, 0xff,
    0xff, 0x70, 0x0, 0x0, 0x3f, 0xff, 0xff, 0xf9,
    0x0, 0x0, 0x4, 0xff, 0xff, 0x40, 0xd, 0xff,
    0xfb, 0x0, 0x0, 0x7, 0xff, 0xff, 0xff, 0xc0,
    0x0, 0x0, 0x7f, 0xff, 0xf0, 0x0, 0x8f, 0xff,
    0xe0, 0x0, 0x0, 0xbf, 0xfe, 0xbf, 0xff, 0x0,
    0x0, 0xb, 0xff, 0xfb, 0x0, 0x4, 0xff, 0xff,
    0x20, 0x0, 0xe, 0xff, 0xb8, 0xff, 0xf4, 0x0,
    0x0, 0xef, 0xff, 0x70, 0x0, 0xf, 0xff, 0xf6,
    0x0, 0x2, 0xff, 0xf8, 0x5f, 0xff, 0x80, 0x0,
    0x2f, 0xff, 0xf3, 0x0, 0x0, 0xcf, 0xff, 0x90,
    0x0, 0x6f, 0xff, 0x52, 0xff, 0xfc, 0x0, 0x5,
    0xff, 0xff, 0x0, 0x0, 0x8, 0xff, 0xfd, 0x0,
    0xa, 0xff, 0xf1, 0xe, 0xff, 0xf0, 0x0, 0x9f,
    0xff, 0xb0, 0x0, 0x0, 0x4f, 0xff, 0xf1, 0x0,
    0xdf, 0xfd, 0x0, 0xaf, 0xff, 0x30, 0xc, 0xff,
    0xf7, 0x0, 0x0, 0x0, 0xff, 0xff, 0x40, 0x1f,
    0xff, 0x90, 0x7, 0xff, 0xf7, 0x0, 0xff, 0xff,
    0x30, 0x0, 0x0, 0xc, 0xff, 0xf8, 0x5, 0xff,
    0xf6, 0x0, 0x3f, 0xff, 0xb0, 0x3f, 0xff, 0xe0,
    0x0, 0x0, 0x0, 0x7f, 0xff, 0xb0, 0x8f, 0xff,
    0x20, 0x0, 0xff, 0xfe, 0x7, 0xff, 0xfa, 0x0,
    0x0, 0x0, 0x3, 0xff, 0xff, 0xc, 0xff, 0xe0,
    0x0, 0xb, 0xff, 0xf1, 0xaf, 0xff, 0x60, 0x0,
    0x0, 0x0, 0xf, 0xff, 0xf2, 0xff, 0xfb, 0x0,
    0x0, 0x8f, 0xff, 0x4e, 0xff, 0xf2, 0x0, 0x0,
    0x0, 0x0, 0xbf, 0xff, 0x8f, 0xff, 0x70, 0x0,
    0x4, 0xff, 0xf8, 0xff, 0xfe, 0x0, 0x0, 0x0,
    0x0, 0x7, 0xff, 0xfe, 0xff, 0xf3, 0x0, 0x0,
    0xf, 0xff, 0xef, 0xff, 0xa0, 0x0, 0x0, 0x0,
    0x0, 0x3f, 0xff, 0xff, 0xff, 0x0, 0x0, 0x0,
    0xcf, 0xff, 0xff, 0xf6, 0x0, 0x0, 0x0, 0x0,
    0x0, 0xef, 0xff, 0xff, 0xc0, 0x0, 0x0, 0x9,
    0xff, 0xff, 0xff, 0x20, 0x0, 0x0, 0x0, 0x0,
    0xb, 0xff, 0xff, 0xf8, 0x0, 0x0, 0x0, 0x5f,
    0xff, 0xff, 0xd0, 0x0, 0x0, 0x0, 0x0, 0x0,
    0x6f, 0xff, 0xff, 0x40, 0x0, 0x0, 0x1, 0xff,
    0xff, 0xf9, 0x0, 0x0, 0x0,

    /* U+0058 "X" */
    0xb, 0xff, 0xff, 0x20, 0x0, 0x0, 0x0, 0xb,
    0xff, 0xff, 0x20, 0x2, 0xff, 0xff, 0xb0, 0x0,
    0x0, 0x0, 0x5f, 0xff, 0xf7, 0x0, 0x0, 0x6f,
    0xff, 0xf5, 0x0, 0x0, 0x1, 0xef, 0xff, 0xc0,
    0x0, 0x0, 0xb, 0xff, 0xfe, 0x10, 0x0, 0x9,
    0xff, 0xff, 0x30, 0x0, 0x0, 0x1, 0xff, 0xff,
    0x90, 0x0, 0x4f, 0xff, 0xf8, 0x0, 0x0, 0x0,
    0x0, 0x6f, 0xff, 0xf4, 0x0, 0xdf, 0xff, 0xd0,
    0x0, 0x0, 0x0, 0x0, 0xb, 0xff, 0xfd, 0x8,
    0xff, 0xff, 0x40, 0x0, 0x0, 0x0, 0x0, 0x1,
    0xff, 0xff, 0xaf, 0xff, 0xf9, 0x0, 0x0, 0x0,
    0x0, 0x0, 0x0, 0x6f, 0xff, 0xff, 0xff, 0xe1,
    0x0, 0x0, 0x0, 0x0, 0x0, 0x0, 0xb, 0xff,
    0xff, 0xff, 0x50, 0x0, 0x0, 0x0, 0x0, 0x0,
    0x0, 0x4, 0xff, 0xff, 0xfe, 0x0, 0x0, 0x0,
    0x0, 0x0, 0x0, 0x0, 0xc, 0xff, 0xff, 0xff,
    0x60, 0x0, 0x0, 0x0, 0x0, 0x0, 0x0, 0x7f,
    0xff, 0xff, 0xff, 0xf1, 0x0, 0x0, 0x0, 0x0,
    0x0, 0x2, 0xff, 0xff, 0xaf, 0xff, 0xfa, 0x0,
    0x0, 0x0, 0x0, 0x0, 0xc, 0xff, 0xfd, 0x8,
    0xff, 0xff, 0x40, 0x0, 0x0, 0x0, 0x0, 0x6f,
    0xff, 0xf4, 0x0, 0xdf, 0xff, 0xe0, 0x0, 0x0,
    0x0, 0x2, 0xff, 0xff, 0xa0, 0x0, 0x4f, 0xff,
    0xf9, 0x0, 0x0, 0x0, 0xb, 0xff, 0xfe, 0x10,
    0x0, 0x9, 0xff, 0xff, 0x30, 0x0, 0x0, 0x6f,
    0xff, 0xf5, 0x0, 0x0, 0x1, 0xef, 0xff, 0xd0,
    0x0, 0x1, 0xff, 0xff, 0xb0, 0x0, 0x0, 0x0,
    0x5f, 0xff, 0xf7, 0x0, 0xb, 0xff, 0xff, 0x20,
    0x0, 0x0, 0x0, 0xb, 0xff, 0xff, 0x20, 0x6f,
    0xff, 0xf7, 0x0, 0x0, 0x0, 0x0, 0x2, 0xff,
    0xff, 0xb0,

    /* U+0059 "Y" */
    0x2f, 0xff, 0xfa, 0x0, 0x0, 0x0, 0x0, 0x4,
    0xff, 0xff, 0x80, 0x8f, 0xff, 0xf3, 0x0, 0x0,
    0x0, 0x0, 0xdf, 0xff, 0xe0, 0x0, 0xef, 0xff,
    0xc0, 0x0, 0x0, 0x0, 0x6f, 0xff, 0xf5, 0x0,
    0x5, 0xff, 0xff, 0x50, 0x0, 0x0, 0x1e, 0xff,
    0xfb, 0x0, 0x0, 0xb, 0xff, 0xfe, 0x0, 0x0,
    0x9, 0xff, 0xff, 0x20, 0x0, 0x0, 0x2f, 0xff,
    0xf7, 0x0, 0x2, 0xff, 0xff, 0x70, 0x0, 0x0,
    0x0, 0x8f, 0xff, 0xf1, 0x0, 0xbf, 0xff, 0xd0,
    0x0, 0x0, 0x0, 0x0, 0xef, 0xff, 0xa0, 0x4f,
    0xff, 0xf4, 0x0, 0x0, 0x0, 0x0, 0x5, 0xff,
    0xff, 0x3d, 0xff, 0xfa, 0x0, 0x0, 0x0, 0x0,
    0x0, 0xb, 0xff, 0xff, 0xff, 0xff, 0x10, 0x0,
    0x0, 0x0, 0x0, 0x0, 0x2f, 0xff, 0xff, 0xff,
    0x70, 0x0, 0x0, 0x0, 0x0, 0x0, 0x0, 0x7f,
    0xff, 0xff, 0xd0, 0x0, 0x0, 0x0, 0x0, 0x0,
    0x0, 0x0, 0xdf, 0xff, 0xf4, 0x0, 0x0, 0x0,
    0x0, 0x0, 0x0, 0x0, 0x9, 0xff, 0xff, 0x0,
    0x0, 0x0, 0x0, 0x0, 0x0, 0x0, 0x0, 0x9f,
    0xff, 0xf0, 0x0, 0x0, 0x0, 0x0, 0x0, 0x0,
    0x0, 0x9, 0xff, 0xff, 0x0, 0x0, 0x0, 0x0,
    0x0, 0x0, 0x0, 0x0, 0x9f, 0xff, 0xf0, 0x0,
    0x0, 0x0, 0x0, 0x0, 0x0, 0x0, 0x9, 0xff,
    0xff, 0x0, 0x0, 0x0, 0x0, 0x0, 0x0, 0x0,
    0x0, 0x9f, 0xff, 0xf0, 0x0, 0x0, 0x0, 0x0,
    0x0, 0x0, 0x0, 0x9, 0xff, 0xff, 0x0, 0x0,
    0x0, 0x0, 0x0, 0x0, 0x0, 0x0, 0x9f, 0xff,
    0xf0, 0x0, 0x0, 0x0, 0x0, 0x0, 0x0, 0x0,
    0x9, 0xff, 0xff, 0x0, 0x0, 0x0, 0x0,

    /* U+005A "Z" */
    0x0, 0xdf, 0xff, 0xff, 0xff, 0xff, 0xff, 0xff,
    0xff, 0x0, 0xd, 0xff, 0xff, 0xff, 0xff, 0xff,
    0xff, 0xff, 0xf0, 0x0, 0xdf, 0xff, 0xff, 0xff,
    0xff, 0xff, 0xff, 0xff, 0x0, 0x7, 0x99, 0x99,
    0x99, 0x99, 0x9b, 0xff, 0xff, 0xb0, 0x0, 0x0,
    0x0, 0x0, 0x0, 0x0, 0xdf, 0xff, 0xd1, 0x0,
    0x0, 0x0, 0x0, 0x0, 0x0, 0xaf, 0xff, 0xf3,
    0x0, 0x0, 0x0, 0x0, 0x0, 0x0, 0x7f, 0xff,
    0xf6, 0x0, 0x0, 0x0, 0x0, 0x0, 0x0, 0x3f,
    0xff, 0xf9, 0x0, 0x0, 0x0, 0x0, 0x0, 0x0,
    0x1e, 0xff, 0xfc, 0x0, 0x0, 0x0, 0x0, 0x0,
    0x0, 0xc, 0xff, 0xfe, 0x10, 0x0, 0x0, 0x0,
    0x0, 0x0, 0x9, 0xff, 0xff, 0x40, 0x0, 0x0,
    0x0, 0x0, 0x0, 0x5, 0xff, 0xff, 0x70, 0x0,
    0x0, 0x0, 0x0, 0x0, 0x2, 0xff, 0xff, 0xb0,
    0x0, 0x0, 0x0, 0x0, 0x0, 0x0, 0xdf, 0xff,
    0xd1, 0x0, 0x0, 0x0, 0x0, 0x0, 0x0, 0xbf,
    0xff, 0xf2, 0x0, 0x0, 0x0, 0x0, 0x0, 0x0,
    0x7f, 0xff, 0xf5, 0x0, 0x0, 0x0, 0x0, 0x0,
    0x0, 0x4f, 0xff, 0xf9, 0x0, 0x0, 0x0, 0x0,
    0x0, 0x0, 0x1e, 0xff, 0xfc, 0x0, 0x0, 0x0,
    0x0, 0x0, 0x0, 0xc, 0xff, 0xff, 0xa9, 0x99,
    0x99, 0x99, 0x99, 0x99, 0x50, 0xff, 0xff, 0xff,
    0xff, 0xff, 0xff, 0xff, 0xff, 0xfa, 0xf, 0xff,
    0xff, 0xff, 0xff, 0xff, 0xff, 0xff, 0xff, 0xa0,
    0xff, 0xff, 0xff, 0xff, 0xff, 0xff, 0xff, 0xff,
    0xfa,

    /* U+005B "[" */
    0x3f, 0xff, 0xff, 0xff, 0xf4, 0x3f, 0xff, 0xff,
    0xff, 0xf4, 0x3f, 0xff, 0xfe, 0xee, 0xe3, 0x3f,
    0xff, 0xf0, 0x0, 0x0, 0x3f, 0xff, 0xf0, 0x0,
    0x0, 0x3f, 0xff, 0xf0, 0x0, 0x0, 0x3f, 0xff,
    0xf0, 0x0, 0x0, 0x3f, 0xff, 0xf0, 0x0, 0x0,
    0x3f, 0xff, 0xf0, 0x0, 0x0, 0x3f, 0xff, 0xf0,
    0x0, 0x0, 0x3f, 0xff, 0xf0, 0x0, 0x0, 0x3f,
    0xff, 0xf0, 0x0, 0x0, 0x3f, 0xff, 0xf0, 0x0,
    0x0, 0x3f, 0xff, 0xf0, 0x0, 0x0, 0x3f, 0xff,
    0xf0, 0x0, 0x0, 0x3f, 0xff, 0xf0, 0x0, 0x0,
    0x3f, 0xff, 0xf0, 0x0, 0x0, 0x3f, 0xff, 0xf0,
    0x0, 0x0, 0x3f, 0xff, 0xf0, 0x0, 0x0, 0x3f,
    0xff, 0xf0, 0x0, 0x0, 0x3f, 0xff, 0xf0, 0x0,
    0x0, 0x3f, 0xff, 0xf0, 0x0, 0x0, 0x3f, 0xff,
    0xf0, 0x0, 0x0, 0x3f, 0xff, 0xf0, 0x0, 0x0,
    0x3f, 0xff, 0xf0, 0x0, 0x0, 0x3f, 0xff, 0xf0,
    0x0, 0x0, 0x3f, 0xff, 0xf0, 0x0, 0x0, 0x3f,
    0xff, 0xff, 0xff, 0xf4, 0x3f, 0xff, 0xff, 0xff,
    0xf4, 0x3f, 0xff, 0xff, 0xff, 0xf4,

    /* U+005C "\\" */
    0x9f, 0xff, 0x20, 0x0, 0x6, 0xff, 0xf5, 0x0,
    0x0, 0x3f, 0xff, 0x80, 0x0, 0x0, 0xff, 0xfb,
    0x0, 0x0, 0xd, 0xff, 0xe0, 0x0, 0x0, 0xaf,
    0xff, 0x10, 0x0, 0x7, 0xff, 0xf4, 0x0, 0x0,
    0x3f, 0xff, 0x70, 0x0, 0x0, 0xff, 0xfb, 0x0,
    0x0, 0xd, 0xff, 0xe0, 0x0, 0x0, 0xaf, 0xff,
    0x10, 0x0, 0x7, 0xff, 0xf4, 0x0, 0x0, 0x4f,
    0xff, 0x70, 0x0, 0x1, 0xff, 0xfa, 0x0, 0x0,
    0xe, 0xff, 0xd0, 0x0, 0x0, 0xbf, 0xff, 0x0,
    0x0, 0x8, 0xff, 0xf3, 0x0, 0x0, 0x5f, 0xff,
    0x60, 0x0, 0x2, 0xff, 0xfa, 0x0, 0x0, 0xf,
    0xff, 0xd0, 0x0, 0x0, 0xcf, 0xff, 0x0, 0x0,
    0x9, 0xff, 0xf3, 0x0, 0x0, 0x6f, 0xff, 0x60,
    0x0, 0x2, 0x88, 0x84,

    /* U+005D "]" */
    0x9f, 0xff, 0xff, 0xff, 0xd9, 0xff, 0xff, 0xff,
    0xfd, 0x8e, 0xee, 0xff, 0xff, 0xd0, 0x0, 0x4,
    0xff, 0xfd, 0x0, 0x0, 0x4f, 0xff, 0xd0, 0x0,
    0x4, 0xff, 0xfd, 0x0, 0x0, 0x4f, 0xff, 0xd0,
    0x0, 0x4, 0xff, 0xfd, 0x0, 0x0, 0x4f, 0xff,
    0xd0, 0x0, 0x4, 0xff, 0xfd, 0x0, 0x0, 0x4f,
    0xff, 0xd0, 0x0, 0x4, 0xff, 0xfd, 0x0, 0x0,
    0x4f, 0xff, 0xd0, 0x0, 0x4, 0xff, 0xfd, 0x0,
    0x0, 0x4f, 0xff, 0xd0, 0x0, 0x4, 0xff, 0xfd,
    0x0, 0x0, 0x4f, 0xff, 0xd0, 0x0, 0x4, 0xff,
    0xfd, 0x0, 0x0, 0x4f, 0xff, 0xd0, 0x0, 0x4,
    0xff, 0xfd, 0x0, 0x0, 0x4f, 0xff, 0xd0, 0x0,
    0x4, 0xff, 0xfd, 0x0, 0x0, 0x4f, 0xff, 0xd0,
    0x0, 0x4, 0xff, 0xfd, 0x0, 0x0, 0x4f, 0xff,
    0xd0, 0x0, 0x4, 0xff, 0xfd, 0x0, 0x0, 0x4f,
    0xff, 0xd9, 0xff, 0xff, 0xff, 0xfd, 0x9f, 0xff,
    0xff, 0xff, 0xd9, 0xff, 0xff, 0xff, 0xfd,

    /* U+005E "^" */
    0x0, 0x0, 0x0, 0x6f, 0xff, 0xff, 0x10, 0x0,
    0x0, 0x0, 0x0, 0x0, 0xdf, 0xff, 0xff, 0x80,
    0x0, 0x0, 0x0, 0x0, 0x4, 0xff, 0xfb, 0xff,
    0xe0, 0x0, 0x0, 0x0, 0x0, 0xb, 0xff, 0xc2,
    0xff, 0xf6, 0x0, 0x0, 0x0, 0x0, 0x2f, 0xff,
    0x50, 0xbf, 0xfd, 0x0, 0x0, 0x0, 0x0, 0x9f,
    0xfe, 0x0, 0x4f, 0xff, 0x40, 0x0, 0x0, 0x1,
    0xff, 0xf7, 0x0, 0xd, 0xff, 0xb0, 0x0, 0x0,
    0x7, 0xff, 0xf1, 0x0, 0x6, 0xff, 0xf2, 0x0,
    0x0, 0xe, 0xff, 0x90, 0x0, 0x0, 0xef, 0xf9,
    0x0, 0x0, 0x5f, 0xff, 0x20, 0x0, 0x0, 0x8f,
    0xff, 0x0, 0x0, 0xcf, 0xfc, 0x0, 0x0, 0x0,
    0x1f, 0xff, 0x70, 0x3, 0xff, 0xf5, 0x0, 0x0,
    0x0, 0xa, 0xff, 0xd0, 0xa, 0xff, 0xe0, 0x0,
    0x0, 0x0, 0x3, 0xff, 0xf5, 0x1f, 0xff, 0x70,
    0x0, 0x0, 0x0, 0x0, 0xcf, 0xfc,

    /* U+005F "_" */
    0x0, 0x0, 0x0, 0x0, 0x0, 0x0, 0x0, 0x0,
    0x0, 0x0, 0x5f, 0xff, 0xff, 0xff, 0xff, 0xff,
    0xff, 0xff, 0xff, 0xf1, 0x3, 0x33, 0x33, 0x33,
    0x33, 0x33, 0x33, 0x33, 0x33, 0x30,

    /* U+0060 "`" */
    0xef, 0xff, 0x70, 0x0, 0x2d, 0xff, 0xf5, 0x0,
    0x0, 0xaf, 0xff, 0x40, 0x0, 0x8, 0xff, 0xe2,
    0x0, 0x0, 0x5f, 0xfd,

    /* U+0061 "a" */
    0x0, 0x0, 0x17, 0xce, 0xff, 0xea, 0x50, 0x0,
    0x0, 0x0, 0x5, 0xff, 0xff, 0xff, 0xff, 0xfb,
    0x0, 0x0, 0x0, 0x4f, 0xff, 0xff, 0xde, 0xff,
    0xff, 0xb0, 0x0, 0x0, 0xdf, 0xff, 0xd1, 0x0,
    0x7f, 0xff, 0xf3, 0x0, 0x2, 0xee, 0xee, 0x50,
    0x0, 0xe, 0xff, 0xf7, 0x0, 0x0, 0x0, 0x0,
    0x0, 0x0, 0xc, 0xff, 0xf9, 0x0, 0x0, 0x0,
    0x3, 0x56, 0x66, 0x6d, 0xff, 0xfa, 0x0, 0x0,
    0x8, 0xef, 0xff, 0xff, 0xff, 0xff, 0xfa, 0x0,
    0x0, 0xcf, 0xff, 0xff, 0xff, 0xff, 0xff, 0xfa,
    0x0, 0x8, 0xff, 0xff, 0x82, 0x0, 0xc, 0xff,
    0xfa, 0x0, 0xe, 0xff, 0xfb, 0x0, 0x0, 0xd,
    0xff, 0xfa, 0x0, 0xf, 0xff, 0xf8, 0x0, 0x0,
    0x1f, 0xff, 0xfa, 0x0, 0xf, 0xff, 0xfa, 0x0,
    0x0, 0xaf, 0xff, 0xfa, 0x0, 0xd, 0xff, 0xff,
    0x51, 0x3a, 0xfe, 0xff, 0xfe, 0x0, 0x8, 0xff,
    0xff, 0xff, 0xff, 0xf3, 0xff, 0xff, 0xed, 0x0,
    0xcf, 0xff, 0xff, 0xff, 0x40, 0xaf, 0xff, 0xff,
    0x0, 0x7, 0xcf, 0xfd, 0x81, 0x0, 0x1a, 0xef,
    0xea,

    /* U+0062 "b" */
    0xcf, 0xff, 0xa0, 0x0, 0x0, 0x0, 0x0, 0x0,
    0xc, 0xff, 0xfa, 0x0, 0x0, 0x0, 0x0, 0x0,
    0x0, 0xcf, 0xff, 0xa0, 0x0, 0x0, 0x0, 0x0,
    0x0, 0xc, 0xff, 0xfa, 0x0, 0x0, 0x0, 0x0,
    0x0, 0x0, 0xcf, 0xff, 0xa0, 0x0, 0x0, 0x0,
    0x0, 0x0, 0xc, 0xff, 0xfa, 0x0, 0x0, 0x0,
    0x0, 0x0, 0x0, 0xcf, 0xff, 0x90, 0x18, 0xdf,
    0xfd, 0x70, 0x0, 0xc, 0xff, 0xf9, 0x3e, 0xff,
    0xff, 0xff, 0xd1, 0x0, 0xcf, 0xff, 0xae, 0xff,
    0xff, 0xff, 0xff, 0xc0, 0xc, 0xff, 0xff, 0xf7,
    0x10, 0x4d, 0xff, 0xff, 0x50, 0xcf, 0xff, 0xf7,
    0x0, 0x0, 0x2f, 0xff, 0xfb, 0xc, 0xff, 0xff,
    0x0, 0x0, 0x0, 0xbf, 0xff, 0xf0, 0xcf, 0xff,
    0xb0, 0x0, 0x0, 0x7, 0xff, 0xff, 0x1c, 0xff,
    0xf9, 0x0, 0x0, 0x0, 0x6f, 0xff, 0xf2, 0xcf,
    0xff, 0x90, 0x0, 0x0, 0x5, 0xff, 0xff, 0x3c,
    0xff, 0xf9, 0x0, 0x0, 0x0, 0x6f, 0xff, 0xf2,
    0xcf, 0xff, 0xb0, 0x0, 0x0, 0x8, 0xff, 0xff,
    0x1c, 0xff, 0xff, 0x0, 0x0, 0x0, 0xbf, 0xff,
    0xe0, 0xcf, 0xff, 0xf7, 0x0, 0x0, 0x2f, 0xff,
    0xfa, 0xc, 0xff, 0xff, 0xf6, 0x0, 0x4d, 0xff,
    0xff, 0x40, 0xcf, 0xff, 0xae, 0xff, 0xff, 0xff,
    0xff, 0xa0, 0xc, 0xff, 0xf8, 0x4f, 0xff, 0xff,
    0xff, 0xc0, 0x0, 0xdf, 0xff, 0x70, 0x29, 0xdf,
    0xec, 0x60, 0x0, 0x0,

    /* U+0063 "c" */
    0x0, 0x0, 0x39, 0xde, 0xfe, 0xb7, 0x10, 0x0,
    0x0, 0xa, 0xff, 0xff, 0xff, 0xff, 0xe4, 0x0,
    0x0, 0xcf, 0xff, 0xff, 0xff, 0xff, 0xff, 0x40,
    0x8, 0xff, 0xff, 0x81, 0x3, 0xcf, 0xff, 0xe0,
    0xf, 0xff, 0xfa, 0x0, 0x0, 0x1f, 0xff, 0xf6,
    0x5f, 0xff, 0xf3, 0x0, 0x0, 0x7, 0x99, 0x96,
    0x9f, 0xff, 0xf0, 0x0, 0x0, 0x0, 0x0, 0x0,
    0xaf, 0xff, 0xe0, 0x0, 0x0, 0x0, 0x0, 0x0,
    0xbf, 0xff, 0xd0, 0x0, 0x0, 0x0, 0x0, 0x0,
    0xbf, 0xff, 0xe0, 0x0, 0x0, 0x0, 0x0, 0x0,
    0x9f, 0xff, 0xf0, 0x0, 0x0, 0x0, 0x0, 0x0,
    0x6f, 0xff, 0xf3, 0x0, 0x0, 0x9, 0xee, 0xea,
    0x1f, 0xff, 0xfa, 0x0, 0x0, 0x1f, 0xff, 0xf7,
    0x9, 0xff, 0xff, 0x81, 0x3, 0xcf, 0xff, 0xe1,
    0x0, 0xdf, 0xff, 0xff, 0xff, 0xff, 0xff, 0x50,
    0x0, 0x1b, 0xff, 0xff, 0xff, 0xff, 0xe4, 0x0,
    0x0, 0x0, 0x49, 0xdf, 0xfe, 0xb6, 0x0, 0x0,

    /* U+0064 "d" */
    0x0, 0x0, 0x0, 0x0, 0x0, 0x1, 0xff, 0xff,
    0x50, 0x0, 0x0, 0x0, 0x0, 0x0, 0x1f, 0xff,
    0xf5, 0x0, 0x0, 0x0, 0x0, 0x0, 0x1, 0xff,
    0xff, 0x50, 0x0, 0x0, 0x0, 0x0, 0x0, 0x1f,
    0xff, 0xf5, 0x0, 0x0, 0x0, 0x0, 0x0, 0x1,
    0xff, 0xff, 0x50, 0x0, 0x0, 0x0, 0x0, 0x0,
    0x1f, 0xff, 0xf5, 0x0, 0x2, 0x9d, 0xfe, 0xc6,
    0x1, 0xff, 0xff, 0x50, 0x5, 0xff, 0xff, 0xff,
    0xfc, 0x1f, 0xff, 0xf5, 0x2, 0xff, 0xff, 0xff,
    0xff, 0xfa, 0xff, 0xff, 0x50, 0xbf, 0xff, 0xf8,
    0x10, 0x2b, 0xff, 0xff, 0xf5, 0x1f, 0xff, 0xfa,
    0x0, 0x0, 0xd, 0xff, 0xff, 0x56, 0xff, 0xff,
    0x40, 0x0, 0x0, 0x6f, 0xff, 0xf5, 0x8f, 0xff,
    0xf0, 0x0, 0x0, 0x2, 0xff, 0xff, 0x5a, 0xff,
    0xfe, 0x0, 0x0, 0x0, 0xf, 0xff, 0xf5, 0xaf,
    0xff, 0xe0, 0x0, 0x0, 0x0, 0xff, 0xff, 0x5a,
    0xff, 0xfe, 0x0, 0x0, 0x0, 0x1f, 0xff, 0xf5,
    0x9f, 0xff, 0xf0, 0x0, 0x0, 0x3, 0xff, 0xff,
    0x56, 0xff, 0xff, 0x40, 0x0, 0x0, 0x7f, 0xff,
    0xf5, 0x2f, 0xff, 0xfb, 0x0, 0x0, 0xe, 0xff,
    0xff, 0x50, 0xcf, 0xff, 0xf9, 0x10, 0x3c, 0xff,
    0xff, 0xf5, 0x3, 0xff, 0xff, 0xff, 0xff, 0xf9,
    0xff, 0xff, 0x50, 0x6, 0xff, 0xff, 0xff, 0xfb,
    0xf, 0xff, 0xf5, 0x0, 0x3, 0xae, 0xfe, 0xb5,
    0x0, 0xef, 0xff, 0x60,

    /* U+0065 "e" */
    0x0, 0x0, 0x49, 0xdf, 0xfe, 0xb5, 0x0, 0x0,
    0x0, 0x1b, 0xff, 0xff, 0xff, 0xff, 0xc1, 0x0,
    0x0, 0xdf, 0xff, 0xfd, 0xcf, 0xff, 0xfd, 0x0,
    0x9, 0xff, 0xfe, 0x30, 0x1, 0xbf, 0xff, 0x80,
    0x1f, 0xff, 0xf5, 0x0, 0x0, 0x1f, 0xff, 0xf0,
    0x6f, 0xff, 0xf0, 0x0, 0x0, 0xb, 0xff, 0xf4,
    0x9f, 0xff, 0xfa, 0xaa, 0xaa, 0xad, 0xff, 0xf7,
    0xbf, 0xff, 0xff, 0xff, 0xff, 0xff, 0xff, 0xf9,
    0xbf, 0xff, 0xff, 0xff, 0xff, 0xff, 0xff, 0xfa,
    0xaf, 0xff, 0xe0, 0x0, 0x0, 0x0, 0x0, 0x0,
    0x9f, 0xff, 0xf0, 0x0, 0x0, 0x0, 0x0, 0x0,
    0x6f, 0xff, 0xf2, 0x0, 0x0, 0x0, 0x0, 0x0,
    0x1f, 0xff, 0xf9, 0x0, 0x0, 0xc, 0xdb, 0xa3,
    0x9, 0xff, 0xff, 0x70, 0x1, 0xaf, 0xff, 0xe0,
    0x0, 0xdf, 0xff, 0xff, 0xef, 0xff, 0xff, 0x40,
    0x0, 0x1c, 0xff, 0xff, 0xff, 0xff, 0xe4, 0x0,
    0x0, 0x0, 0x4a, 0xdf, 0xfe, 0xb7, 0x0, 0x0,

    /* U+0066 "f" */
    0x0, 0x0, 0x29, 0xdf, 0xfe, 0x90, 0x0, 0x2f,
    0xff, 0xff, 0xfb, 0x0, 0xa, 0xff, 0xff, 0xfe,
    0xb0, 0x0, 0xef, 0xff, 0xb0, 0x0, 0x0, 0xf,
    0xff, 0xf6, 0x0, 0x0, 0x0, 0xff, 0xff, 0x60,
    0x0, 0x7f, 0xff, 0xff, 0xff, 0xff, 0xb7, 0xff,
    0xff, 0xff, 0xff, 0xfb, 0x6e, 0xef, 0xff, 0xff,
    0xee, 0xa0, 0x0, 0xff, 0xff, 0x60, 0x0, 0x0,
    0xf, 0xff, 0xf6, 0x0, 0x0, 0x0, 0xff, 0xff,
    0x60, 0x0, 0x0, 0xf, 0xff, 0xf6, 0x0, 0x0,
    0x0, 0xff, 0xff, 0x60, 0x0, 0x0, 0xf, 0xff,
    0xf6, 0x0, 0x0, 0x0, 0xff, 0xff, 0x60, 0x0,
    0x0, 0xf, 0xff, 0xf6, 0x0, 0x0, 0x0, 0xff,
    0xff, 0x60, 0x0, 0x0, 0xf, 0xff, 0xf6, 0x0,
    0x0, 0x0, 0xff, 0xff, 0x60, 0x0, 0x0, 0xf,
    0xff, 0xf6, 0x0, 0x0, 0x0, 0xff, 0xff, 0x60,
    0x0, 0x0, 0xf, 0xff, 0xf6, 0x0, 0x0,

    /* U+0067 "g" */
    0x0, 0x2, 0x9d, 0xfe, 0xc6, 0x0, 0xdf, 0xff,
    0x60, 0x5, 0xff, 0xff, 0xff, 0xfc, 0x1e, 0xff,
    0xf5, 0x3, 0xff, 0xff, 0xff, 0xff, 0xf9, 0xff,
    0xff, 0x50, 0xbf, 0xff, 0xf9, 0x20, 0x3c, 0xff,
    0xff, 0xf5, 0x2f, 0xff, 0xfb, 0x0, 0x0, 0xe,
    0xff, 0xff, 0x56, 0xff, 0xff, 0x40, 0x0, 0x0,
    0x7f, 0xff, 0xf5, 0x8f, 0xff, 0xf0, 0x0, 0x0,
    0x3, 0xff, 0xff, 0x5a, 0xff, 0xfe, 0x0, 0x0,
    0x0, 0x1f, 0xff, 0xf5, 0xaf, 0xff, 0xe0, 0x0,
    0x0, 0x0, 0xff, 0xff, 0x5a, 0xff, 0xfe, 0x0,
    0x0, 0x0, 0x1f, 0xff, 0xf5, 0x9f, 0xff, 0xf0,
    0x0, 0x0, 0x3, 0xff, 0xff, 0x56, 0xff, 0xff,
    0x40, 0x0, 0x0, 0x7f, 0xff, 0xf5, 0x2f, 0xff,
    0xfb, 0x0, 0x0, 0xe, 0xff, 0xff, 0x50, 0xcf,
    0xff, 0xf9, 0x20, 0x3c, 0xff, 0xff, 0xf5, 0x3,
    0xff, 0xff, 0xff, 0xff, 0xf9, 0xff, 0xff, 0x50,
    0x6, 0xff, 0xff, 0xff, 0xfb, 0x1f, 0xff, 0xf5,
    0x0, 0x3, 0xae, 0xfe, 0xb5, 0x0, 0xff, 0xff,
    0x40, 0x0, 0x0, 0x0, 0x0, 0x0, 0x1f, 0xff,
    0xf3, 0x0, 0x0, 0x0, 0x0, 0x0, 0x4, 0xff,
    0xff, 0x20, 0x9c, 0xef, 0xa0, 0x0, 0x0, 0x9f,
    0xff, 0xe0, 0x9, 0xff, 0xff, 0x70, 0x0, 0x7f,
    0xff, 0xf7, 0x0, 0x1e, 0xff, 0xff, 0xfd, 0xff,
    0xff, 0xfc, 0x0, 0x0, 0x3d, 0xff, 0xff, 0xff,
    0xff, 0xfa, 0x10, 0x0, 0x0, 0x5, 0xad, 0xff,
    0xec, 0x93, 0x0, 0x0,

    /* U+0068 "h" */
    0xcf, 0xff, 0xa0, 0x0, 0x0, 0x0, 0x0, 0x0,
    0xcf, 0xff, 0xa0, 0x0, 0x0, 0x0, 0x0, 0x0,
    0xcf, 0xff, 0xa0, 0x0, 0x0, 0x0, 0x0, 0x0,
    0xcf, 0xff, 0xa0, 0x0, 0x0, 0x0, 0x0, 0x0,
    0xcf, 0xff, 0xa0, 0x0, 0x0, 0x0, 0x0, 0x0,
    0xcf, 0xff, 0xa0, 0x0, 0x0, 0x0, 0x0, 0x0,
    0xcf, 0xff, 0x90, 0x7, 0xce, 0xfd, 0x80, 0x0,
    0xcf, 0xff, 0x91, 0xdf, 0xff, 0xff, 0xfd, 0x10,
    0xcf, 0xff, 0x8c, 0xff, 0xff, 0xff, 0xff, 0xb0,
    0xcf, 0xff, 0xdf, 0xc5, 0x49, 0xff, 0xff, 0xf2,
    0xcf, 0xff, 0xfb, 0x0, 0x0, 0x8f, 0xff, 0xf6,
    0xcf, 0xff, 0xf2, 0x0, 0x0, 0x1f, 0xff, 0xf8,
    0xcf, 0xff, 0xd0, 0x0, 0x0, 0xe, 0xff, 0xf8,
    0xcf, 0xff, 0xb0, 0x0, 0x0, 0xd, 0xff, 0xf9,
    0xcf, 0xff, 0xa0, 0x0, 0x0, 0xd, 0xff, 0xf9,
    0xcf, 0xff, 0xa0, 0x0, 0x0, 0xd, 0xff, 0xf9,
    0xcf, 0xff, 0xa0, 0x0, 0x0, 0xd, 0xff, 0xf9,
    0xcf, 0xff, 0xa0, 0x0, 0x0, 0xd, 0xff, 0xf9,
    0xcf, 0xff, 0xa0, 0x0, 0x0, 0xd, 0xff, 0xf9,
    0xcf, 0xff, 0xa0, 0x0, 0x0, 0xd, 0xff, 0xf9,
    0xcf, 0xff, 0xa0, 0x0, 0x0, 0xd, 0xff, 0xf9,
    0xcf, 0xff, 0xa0, 0x0, 0x0, 0xd, 0xff, 0xf9,
    0xcf, 0xff, 0xa0, 0x0, 0x0, 0xd, 0xff, 0xf9,

    /* U+0069 "i" */
    0xcf, 0xff, 0xac, 0xff, 0xfa, 0xcf, 0xff, 0xa2,
    0x33, 0x31, 0x0, 0x0, 0x0, 0x0, 0x0, 0xcf,
    0xff, 0xac, 0xff, 0xfa, 0xcf, 0xff, 0xac, 0xff,
    0xfa, 0xcf, 0xff, 0xac, 0xff, 0xfa, 0xcf, 0xff,
    0xac, 0xff, 0xfa, 0xcf, 0xff, 0xac, 0xff, 0xfa,
    0xcf, 0xff, 0xac, 0xff, 0xfa, 0xcf, 0xff, 0xac,
    0xff, 0xfa, 0xcf, 0xff, 0xac, 0xff, 0xfa, 0xcf,
    0xff, 0xa0,

    /* U+006A "j" */
    0x0, 0xc, 0xff, 0xfa, 0x0, 0xc, 0xff, 0xfa,
    0x0, 0xc, 0xff, 0xfa, 0x0, 0x2, 0x33, 0x31,
    0x0, 0x0, 0x0, 0x0, 0x0, 0x0, 0x0, 0x0,
    0x0, 0xc, 0xff, 0xfa, 0x0, 0xc, 0xff, 0xfa,
    0x0, 0xc, 0xff, 0xfa, 0x0, 0xc, 0xff, 0xfa,
    0x0, 0xc, 0xff, 0xfa, 0x0, 0xc, 0xff, 0xfa,
    0x0, 0xc, 0xff, 0xfa, 0x0, 0xc, 0xff, 0xfa,
    0x0, 0xc, 0xff, 0xfa, 0x0, 0xc, 0xff, 0xfa,
    0x0, 0xc, 0xff, 0xfa, 0x0, 0xc, 0xff, 0xfa,
    0x0, 0xc, 0xff, 0xfa, 0x0, 0xc, 0xff, 0xfa,
    0x0, 0xc, 0xff, 0xfa, 0x0, 0xc, 0xff, 0xfa,
    0x0, 0xc, 0xff, 0xfa, 0x0, 0xc, 0xff, 0xfa,
    0x0, 0xc, 0xff, 0xfa, 0x0, 0xd, 0xff, 0xf9,
    0x12, 0x7f, 0xff, 0xf8, 0x8f, 0xff, 0xff, 0xf4,
    0x8f, 0xff, 0xff, 0xb0, 0x7f, 0xff, 0xd7, 0x0,

    /* U+006B "k" */
    0xcf, 0xff, 0xa0, 0x0, 0x0, 0x0, 0x0, 0x0,
    0xcf, 0xff, 0xa0, 0x0, 0x0, 0x0, 0x0, 0x0,
    0xcf, 0xff, 0xa0, 0x0, 0x0, 0x0, 0x0, 0x0,
    0xcf, 0xff, 0xa0, 0x0, 0x0, 0x0, 0x0, 0x0,
    0xcf, 0xff, 0xa0, 0x0, 0x0, 0x0, 0x0, 0x0,
    0xcf, 0xff, 0xa0, 0x0, 0x0, 0x0, 0x0, 0x0,
    0xcf, 0xff, 0xa0, 0x0, 0x0, 0xcf, 0xff, 0xd1,
    0xcf, 0xff, 0xa0, 0x0, 0xa, 0xff, 0xfe, 0x20,
    0xcf, 0xff, 0xa0, 0x0, 0x7f, 0xff, 0xf3, 0x0,
    0xcf, 0xff, 0xa0, 0x5, 0xff, 0xff, 0x40, 0x0,
    0xcf, 0xff, 0xa0, 0x3f, 0xff, 0xf5, 0x0, 0x0,
    0xcf, 0xff, 0xa2, 0xef, 0xff, 0x70, 0x0, 0x0,
    0xcf, 0xff, 0xbd, 0xff, 0xfa, 0x0, 0x0, 0x0,
    0xcf, 0xff, 0xff, 0xff, 0xfe, 0x10, 0x0, 0x0,
    0xcf, 0xff, 0xff, 0xff, 0xff, 0x90, 0x0, 0x0,
    0xcf, 0xff, 0xfe, 0x9f, 0xff, 0xf3, 0x0, 0x0,
    0xcf, 0xff, 0xc1, 0xc, 0xff, 0xfc, 0x0, 0x0,
    0xcf, 0xff, 0xa0, 0x3, 0xff, 0xff, 0x70, 0x0,
    0xcf, 0xff, 0xa0, 0x0, 0x9f, 0xff, 0xf1, 0x0,
    0xcf, 0xff, 0xa0, 0x0, 0x1e, 0xff, 0xfa, 0x0,
    0xcf, 0xff, 0xa0, 0x0, 0x7, 0xff, 0xff, 0x40,
    0xcf, 0xff, 0xa0, 0x0, 0x0, 0xdf, 0xff, 0xd0,
    0xcf, 0xff, 0xa0, 0x0, 0x0, 0x4f, 0xff, 0xf8,

    /* U+006C "l" */
    0xcf, 0xff, 0xac, 0xff, 0xfa, 0xcf, 0xff, 0xac,
    0xff, 0xfa, 0xcf, 0xff, 0xac, 0xff, 0xfa, 0xcf,
    0xff, 0xac, 0xff, 0xfa, 0xcf, 0xff, 0xac, 0xff,
    0xfa, 0xcf, 0xff, 0xac, 0xff, 0xfa, 0xcf, 0xff,
    0xac, 0xff, 0xfa, 0xcf, 0xff, 0xac, 0xff, 0xfa,
    0xcf, 0xff, 0xac, 0xff, 0xfa, 0xcf, 0xff, 0xac,
    0xff, 0xfa, 0xcf, 0xff, 0xac, 0xff, 0xfa, 0xcf,
    0xff, 0xa0,

    /* U+006D "m" */
    0xdf, 0xff, 0x50, 0x19, 0xdf, 0xda, 0x20, 0x0,
    0x3a, 0xef, 0xe9, 0x10, 0xd, 0xff, 0xf6, 0x2e,
    0xff, 0xff, 0xff, 0x20, 0x5f, 0xff, 0xff, 0xfe,
    0x10, 0xcf, 0xff, 0x7d, 0xff, 0xff, 0xff, 0xfc,
    0x2f, 0xff, 0xff, 0xff, 0xfa, 0xc, 0xff, 0xfd,
    0xf9, 0x47, 0xff, 0xff, 0xfc, 0xf8, 0x47, 0xff,
    0xff, 0xf1, 0xcf, 0xff, 0xf8, 0x0, 0x6, 0xff,
    0xff, 0xf7, 0x0, 0x7, 0xff, 0xff, 0x4c, 0xff,
    0xff, 0x10, 0x0, 0xf, 0xff, 0xff, 0x0, 0x0,
    0x1f, 0xff, 0xf6, 0xcf, 0xff, 0xc0, 0x0, 0x0,
    0xef, 0xff, 0xb0, 0x0, 0x0, 0xff, 0xff, 0x7c,
    0xff, 0xfa, 0x0, 0x0, 0xd, 0xff, 0xf9, 0x0,
    0x0, 0xe, 0xff, 0xf7, 0xcf, 0xff, 0xa0, 0x0,
    0x0, 0xdf, 0xff, 0x80, 0x0, 0x0, 0xef, 0xff,
    0x7c, 0xff, 0xfa, 0x0, 0x0, 0xd, 0xff, 0xf8,
    0x0, 0x0, 0xe, 0xff, 0xf7, 0xcf, 0xff, 0xa0,
    0x0, 0x0, 0xdf, 0xff, 0x80, 0x0, 0x0, 0xef,
    0xff, 0x7c, 0xff, 0xfa, 0x0, 0x0, 0xd, 0xff,
    0xf8, 0x0, 0x0, 0xe, 0xff, 0xf7, 0xcf, 0xff,
    0xa0, 0x0, 0x0, 0xdf, 0xff, 0x80, 0x0, 0x0,
    0xef, 0xff, 0x7c, 0xff, 0xfa, 0x0, 0x0, 0xd,
    0xff, 0xf8, 0x0, 0x0, 0xe, 0xff, 0xf7, 0xcf,
    0xff, 0xa0, 0x0, 0x0, 0xdf, 0xff, 0x80, 0x0,
    0x0, 0xef, 0xff, 0x7c, 0xff, 0xfa, 0x0, 0x0,
    0xd, 0xff, 0xf8, 0x0, 0x0, 0xe, 0xff, 0xf7,
    0xcf, 0xff, 0xa0, 0x0, 0x0, 0xdf, 0xff, 0x80,
    0x0, 0x0, 0xef, 0xff, 0x70,

    /* U+006E "n" */
    0xdf, 0xff, 0x50, 0x7, 0xce, 0xfd, 0x80, 0x0,
    0xdf, 0xff, 0x61, 0xdf, 0xff, 0xff, 0xfd, 0x10,
    0xcf, 0xff, 0x7c, 0xff, 0xff, 0xff, 0xff, 0xb0,
    0xcf, 0xff, 0xdf, 0xc5, 0x49, 0xff, 0xff, 0xf2,
    0xcf, 0xff, 0xfb, 0x0, 0x0, 0x8f, 0xff, 0xf6,
    0xcf, 0xff, 0xf2, 0x0, 0x0, 0x1f, 0xff, 0xf8,
    0xcf, 0xff, 0xd0, 0x0, 0x0, 0xe, 0xff, 0xf8,
    0xcf, 0xff, 0xb0, 0x0, 0x0, 0xd, 0xff, 0xf9,
    0xcf, 0xff, 0xa0, 0x0, 0x0, 0xd, 0xff, 0xf9,
    0xcf, 0xff, 0xa0, 0x0, 0x0, 0xd, 0xff, 0xf9,
    0xcf, 0xff, 0xa0, 0x0, 0x0, 0xd, 0xff, 0xf9,
    0xcf, 0xff, 0xa0, 0x0, 0x0, 0xd, 0xff, 0xf9,
    0xcf, 0xff, 0xa0, 0x0, 0x0, 0xd, 0xff, 0xf9,
    0xcf, 0xff, 0xa0, 0x0, 0x0, 0xd, 0xff, 0xf9,
    0xcf, 0xff, 0xa0, 0x0, 0x0, 0xd, 0xff, 0xf9,
    0xcf, 0xff, 0xa0, 0x0, 0x0, 0xd, 0xff, 0xf9,
    0xcf, 0xff, 0xa0, 0x0, 0x0, 0xd, 0xff, 0xf9,

    /* U+006F "o" */
    0x0, 0x0, 0x18, 0xce, 0xff, 0xda, 0x60, 0x0,
    0x0, 0x0, 0x8, 0xff, 0xff, 0xff, 0xff, 0xfe,
    0x40, 0x0, 0x0, 0xaf, 0xff, 0xff, 0xff, 0xff,
    0xff, 0xf5, 0x0, 0x7, 0xff, 0xff, 0xb3, 0x0,
    0x5e, 0xff, 0xff, 0x20, 0xe, 0xff, 0xfc, 0x0,
    0x0, 0x2, 0xff, 0xff, 0x90, 0x5f, 0xff, 0xf4,
    0x0, 0x0, 0x0, 0xbf, 0xff, 0xe0, 0x9f, 0xff,
    0xf0, 0x0, 0x0, 0x0, 0x7f, 0xff, 0xf2, 0xaf,
    0xff, 0xe0, 0x0, 0x0, 0x0, 0x5f, 0xff, 0xf3,
    0xbf, 0xff, 0xd0, 0x0, 0x0, 0x0, 0x4f, 0xff,
    0xf4, 0xaf, 0xff, 0xe0, 0x0, 0x0, 0x0, 0x5f,
    0xff, 0xf3, 0x9f, 0xff, 0xf0, 0x0, 0x0, 0x0,
    0x7f, 0xff, 0xf1, 0x5f, 0xff, 0xf4, 0x0, 0x0,
    0x0, 0xbf, 0xff, 0xd0, 0xe, 0xff, 0xfc, 0x0,
    0x0, 0x4, 0xff, 0xff, 0x70, 0x7, 0xff, 0xff,
    0xb2, 0x0, 0x6e, 0xff, 0xfe, 0x10, 0x0, 0xaf,
    0xff, 0xff, 0xff, 0xff, 0xff, 0xf3, 0x0, 0x0,
    0x8, 0xff, 0xff, 0xff, 0xff, 0xfd, 0x20, 0x0,
    0x0, 0x0, 0x18, 0xce, 0xff, 0xda, 0x50, 0x0,
    0x0,

    /* U+0070 "p" */
    0xdf, 0xff, 0x60, 0x18, 0xdf, 0xfc, 0x70, 0x0,
    0xd, 0xff, 0xf8, 0x3e, 0xff, 0xff, 0xff, 0xd1,
    0x0, 0xcf, 0xff, 0x9e, 0xff, 0xff, 0xff, 0xff,
    0xc0, 0xc, 0xff, 0xff, 0xf8, 0x10, 0x4e, 0xff,
    0xff, 0x50, 0xcf, 0xff, 0xf8, 0x0, 0x0, 0x2f,
    0xff, 0xfb, 0xc, 0xff, 0xff, 0x0, 0x0, 0x0,
    0xbf, 0xff, 0xf0, 0xcf, 0xff, 0xc0, 0x0, 0x0,
    0x8, 0xff, 0xff, 0x1c, 0xff, 0xf9, 0x0, 0x0,
    0x0, 0x6f, 0xff, 0xf2, 0xcf, 0xff, 0x90, 0x0,
    0x0, 0x5, 0xff, 0xff, 0x3c, 0xff, 0xf9, 0x0,
    0x0, 0x0, 0x6f, 0xff, 0xf2, 0xcf, 0xff, 0xb0,
    0x0, 0x0, 0x8, 0xff, 0xff, 0x1c, 0xff, 0xff,
    0x0, 0x0, 0x0, 0xbf, 0xff, 0xe0, 0xcf, 0xff,
    0xf7, 0x0, 0x0, 0x2f, 0xff, 0xfa, 0xc, 0xff,
    0xff, 0xf6, 0x0, 0x4e, 0xff, 0xff, 0x40, 0xcf,
    0xff, 0xbf, 0xff, 0xff, 0xff, 0xff, 0xa0, 0xc,
    0xff, 0xf9, 0x4f, 0xff, 0xff, 0xff, 0xc0, 0x0,
    0xcf, 0xff, 0x90, 0x29, 0xdf, 0xec, 0x60, 0x0,
    0xc, 0xff, 0xf9, 0x0, 0x0, 0x0, 0x0, 0x0,
    0x0, 0xcf, 0xff, 0xa0, 0x0, 0x0, 0x0, 0x0,
    0x0, 0xc, 0xff, 0xfa, 0x0, 0x0, 0x0, 0x0,
    0x0, 0x0, 0xcf, 0xff, 0xa0, 0x0, 0x0, 0x0,
    0x0, 0x0, 0xc, 0xff, 0xfa, 0x0, 0x0, 0x0,
    0x0, 0x0, 0x0, 0xcf, 0xff, 0xa0, 0x0, 0x0,
    0x0, 0x0, 0x0, 0xc, 0xff, 0xfa, 0x0, 0x0,
    0x0, 0x0, 0x0, 0x0,

    /* U+0071 "q" */
    0x0, 0x1, 0x9d, 0xfe, 0xc6, 0x0, 0xef, 0xff,
    0x60, 0x4, 0xff, 0xff, 0xff, 0xfc, 0x1f, 0xff,
    0xf5, 0x2, 0xff, 0xff, 0xff, 0xff, 0xfa, 0xff,
    0xff, 0x50, 0xbf, 0xff, 0xf9, 0x20, 0x2b, 0xff,
    0xff, 0xf5, 0x1f, 0xff, 0xfb, 0x0, 0x0, 0xd,
    0xff, 0xff, 0x56, 0xff, 0xff, 0x40, 0x0, 0x0,
    0x7f, 0xff, 0xf5, 0x8f, 0xff, 0xf0, 0x0, 0x0,
    0x3, 0xff, 0xff, 0x5a, 0xff, 0xfe, 0x0, 0x0,
    0x0, 0x1f, 0xff, 0xf5, 0xaf, 0xff, 0xe0, 0x0,
    0x0, 0x0, 0xff, 0xff, 0x5a, 0xff, 0xfe, 0x0,
    0x0, 0x0, 0x1f, 0xff, 0xf5, 0x9f, 0xff, 0xf0,
    0x0, 0x0, 0x3, 0xff, 0xff, 0x56, 0xff, 0xff,
    0x40, 0x0, 0x0, 0x7f, 0xff, 0xf5, 0x2f, 0xff,
    0xfb, 0x0, 0x0, 0xe, 0xff, 0xff, 0x50, 0xcf,
    0xff, 0xf9, 0x10, 0x2c, 0xff, 0xff, 0xf5, 0x3,
    0xff, 0xff, 0xff, 0xff, 0xf9, 0xff, 0xff, 0x50,
    0x6, 0xff, 0xff, 0xff, 0xfb, 0x1f, 0xff, 0xf5,
    0x0, 0x3, 0xae, 0xfe, 0xb5, 0x0, 0xff, 0xff,
    0x50, 0x0, 0x0, 0x0, 0x0, 0x0, 0xf, 0xff,
    0xf5, 0x0, 0x0, 0x0, 0x0, 0x0, 0x0, 0xff,
    0xff, 0x50, 0x0, 0x0, 0x0, 0x0, 0x0, 0xf,
    0xff, 0xf5, 0x0, 0x0, 0x0, 0x0, 0x0, 0x0,
    0xff, 0xff, 0x50, 0x0, 0x0, 0x0, 0x0, 0x0,
    0xf, 0xff, 0xf5, 0x0, 0x0, 0x0, 0x0, 0x0,
    0x0, 0xff, 0xff, 0x50, 0x0, 0x0, 0x0, 0x0,
    0x0, 0xf, 0xff, 0xf5,

    /* U+0072 "r" */
    0xdf, 0xff, 0x50, 0x6d, 0xff, 0xdf, 0xff, 0x65,
    0xff, 0xff, 0xcf, 0xff, 0x7d, 0xff, 0xff, 0xcf,
    0xff, 0xcf, 0xfb, 0xac, 0xcf, 0xff, 0xfd, 0x10,
    0x0, 0xcf, 0xff, 0xf3, 0x0, 0x0, 0xcf, 0xff,
    0xe0, 0x0, 0x0, 0xcf, 0xff, 0xb0, 0x0, 0x0,
    0xcf, 0xff, 0xa0, 0x0, 0x0, 0xcf, 0xff, 0xa0,
    0x0, 0x0, 0xcf, 0xff, 0xa0, 0x0, 0x0, 0xcf,
    0xff, 0xa0, 0x0, 0x0, 0xcf, 0xff, 0xa0, 0x0,
    0x0, 0xcf, 0xff, 0xa0, 0x0, 0x0, 0xcf, 0xff,
    0xa0, 0x0, 0x0, 0xcf, 0xff, 0xa0, 0x0, 0x0,
    0xcf, 0xff, 0xa0, 0x0, 0x0,

    /* U+0073 "s" */
    0x0, 0x2, 0x8c, 0xef, 0xfe, 0xb7, 0x0, 0x0,
    0x0, 0x8f, 0xff, 0xff, 0xff, 0xff, 0xe4, 0x0,
    0x7, 0xff, 0xff, 0xfe, 0xff, 0xff, 0xff, 0x30,
    0xe, 0xff, 0xf6, 0x0, 0x1, 0xaf, 0xff, 0xc0,
    0x2f, 0xff, 0xe0, 0x0, 0x0, 0xc, 0xba, 0x80,
    0x2f, 0xff, 0xf5, 0x0, 0x0, 0x0, 0x0, 0x0,
    0xe, 0xff, 0xff, 0xd9, 0x63, 0x0, 0x0, 0x0,
    0x5, 0xff, 0xff, 0xff, 0xff, 0xea, 0x40, 0x0,
    0x0, 0x5e, 0xff, 0xff, 0xff, 0xff, 0xfc, 0x10,
    0x0, 0x0, 0x49, 0xdf, 0xff, 0xff, 0xff, 0xc0,
    0x0, 0x0, 0x0, 0x0, 0x37, 0xdf, 0xff, 0xf4,
    0x0, 0x0, 0x0, 0x0, 0x0, 0xc, 0xff, 0xf6,
    0x6a, 0xce, 0x30, 0x0, 0x0, 0x9, 0xff, 0xf6,
    0x8f, 0xff, 0xd3, 0x0, 0x0, 0x5f, 0xff, 0xf2,
    0x1e, 0xff, 0xff, 0xfe, 0xef, 0xff, 0xff, 0xa0,
    0x2, 0xdf, 0xff, 0xff, 0xff, 0xff, 0xf9, 0x0,
    0x0, 0x5, 0xad, 0xff, 0xfe, 0xc8, 0x20, 0x0,

    /* U+0074 "t" */
    0x0, 0x1, 0xff, 0xe0, 0x0, 0x0, 0x0, 0x6f,
    0xfe, 0x0, 0x0, 0x0, 0xb, 0xff, 0xe0, 0x0,
    0x0, 0x1, 0xff, 0xfe, 0x0, 0x0, 0x9f, 0xff,
    0xff, 0xff, 0xff, 0x19, 0xff, 0xff, 0xff, 0xff,
    0xf1, 0x8e, 0xff, 0xff, 0xfe, 0xee, 0x10, 0x7,
    0xff, 0xfe, 0x0, 0x0, 0x0, 0x7f, 0xff, 0xe0,
    0x0, 0x0, 0x7, 0xff, 0xfe, 0x0, 0x0, 0x0,
    0x7f, 0xff, 0xe0, 0x0, 0x0, 0x7, 0xff, 0xfe,
    0x0, 0x0, 0x0, 0x7f, 0xff, 0xe0, 0x0, 0x0,
    0x7, 0xff, 0xfe, 0x0, 0x0, 0x0, 0x7f, 0xff,
    0xe0, 0x0, 0x0, 0x7, 0xff, 0xfe, 0x0, 0x0,
    0x0, 0x7f, 0xff, 0xf0, 0x0, 0x0, 0x6, 0xff,
    0xff, 0x80, 0x10, 0x0, 0x3f, 0xff, 0xff, 0xff,
    0x40, 0x0, 0xcf, 0xff, 0xff, 0xf4, 0x0, 0x0,
    0x9e, 0xff, 0xda, 0x20,

    /* U+0075 "u" */
    0xf, 0xff, 0xf6, 0x0, 0x0, 0x1, 0xff, 0xff,
    0x50, 0xff, 0xff, 0x60, 0x0, 0x0, 0x1f, 0xff,
    0xf5, 0xf, 0xff, 0xf6, 0x0, 0x0, 0x1, 0xff,
    0xff, 0x50, 0xff, 0xff, 0x60, 0x0, 0x0, 0x1f,
    0xff, 0xf5, 0xf, 0xff, 0xf6, 0x0, 0x0, 0x1,
    0xff, 0xff, 0x50, 0xff, 0xff, 0x60, 0x0, 0x0,
    0x1f, 0xff, 0xf5, 0xf, 0xff, 0xf6, 0x0, 0x0,
    0x1, 0xff, 0xff, 0x50, 0xff, 0xff, 0x60, 0x0,
    0x0, 0x1f, 0xff, 0xf5, 0xf, 0xff, 0xf6, 0x0,
    0x0, 0x1, 0xff, 0xff, 0x50, 0xff, 0xff, 0x60,
    0x0, 0x0, 0x2f, 0xff, 0xf5, 0xf, 0xff, 0xf7,
    0x0, 0x0, 0x4, 0xff, 0xff, 0x50, 0xff, 0xff,
    0xa0, 0x0, 0x0, 0xaf, 0xff, 0xf5, 0xd, 0xff,
    0xff, 0x10, 0x0, 0x3f, 0xff, 0xff, 0x50, 0x9f,
    0xff, 0xfd, 0x64, 0x7f, 0xef, 0xff, 0xf5, 0x2,
    0xff, 0xff, 0xff, 0xff, 0xf5, 0xef, 0xff, 0x50,
    0x6, 0xff, 0xff, 0xff, 0xf8, 0xd, 0xff, 0xf5,
    0x0, 0x3, 0xae, 0xfe, 0xa3, 0x0, 0xcf, 0xff,
    0x60,

    /* U+0076 "v" */
    0xbf, 0xff, 0xe0, 0x0, 0x0, 0x0, 0x1f, 0xff,
    0xf7, 0x5f, 0xff, 0xf3, 0x0, 0x0, 0x0, 0x6f,
    0xff, 0xf1, 0xf, 0xff, 0xf8, 0x0, 0x0, 0x0,
    0xcf, 0xff, 0xb0, 0xa, 0xff, 0xfd, 0x0, 0x0,
    0x1, 0xff, 0xff, 0x50, 0x4, 0xff, 0xff, 0x20,
    0x0, 0x6, 0xff, 0xff, 0x0, 0x0, 0xef, 0xff,
    0x70, 0x0, 0xb, 0xff, 0xfa, 0x0, 0x0, 0x9f,
    0xff, 0xc0, 0x0, 0x1f, 0xff, 0xf4, 0x0, 0x0,
    0x3f, 0xff, 0xf1, 0x0, 0x5f, 0xff, 0xe0, 0x0,
    0x0, 0xd, 0xff, 0xf6, 0x0, 0xbf, 0xff, 0x80,
    0x0, 0x0, 0x7, 0xff, 0xfb, 0x0, 0xff, 0xff,
    0x20, 0x0, 0x0, 0x2, 0xff, 0xff, 0x5, 0xff,
    0xfc, 0x0, 0x0, 0x0, 0x0, 0xcf, 0xff, 0x4a,
    0xff, 0xf7, 0x0, 0x0, 0x0, 0x0, 0x6f, 0xff,
    0x9e, 0xff, 0xf1, 0x0, 0x0, 0x0, 0x0, 0x1f,
    0xff, 0xff, 0xff, 0xb0, 0x0, 0x0, 0x0, 0x0,
    0xb, 0xff, 0xff, 0xff, 0x50, 0x0, 0x0, 0x0,
    0x0, 0x5, 0xff, 0xff, 0xff, 0x0, 0x0, 0x0,
    0x0, 0x0, 0x0, 0xff, 0xff, 0xf9, 0x0, 0x0,
    0x0,

    /* U+0077 "w" */
    0xf, 0xff, 0xf2, 0x0, 0x0, 0x1f, 0xff, 0xfe,
    0x0, 0x0, 0x3, 0xff, 0xfd, 0xb, 0xff, 0xf5,
    0x0, 0x0, 0x5f, 0xff, 0xff, 0x20, 0x0, 0x7,
    0xff, 0xf8, 0x7, 0xff, 0xf9, 0x0, 0x0, 0x9f,
    0xff, 0xff, 0x60, 0x0, 0xa, 0xff, 0xf4, 0x3,
    0xff, 0xfc, 0x0, 0x0, 0xdf, 0xfd, 0xff, 0xb0,
    0x0, 0xe, 0xff, 0xf0, 0x0, 0xef, 0xff, 0x0,
    0x1, 0xff, 0xf6, 0xff, 0xe0, 0x0, 0x1f, 0xff,
    0xc0, 0x0, 0xaf, 0xff, 0x30, 0x6, 0xff, 0xe1,
    0xff, 0xf3, 0x0, 0x5f, 0xff, 0x80, 0x0, 0x6f,
    0xff, 0x60, 0xa, 0xff, 0xa0, 0xdf, 0xf7, 0x0,
    0x8f, 0xff, 0x40, 0x0, 0x2f, 0xff, 0xa0, 0xe,
    0xff, 0x60, 0x9f, 0xfb, 0x0, 0xcf, 0xff, 0x0,
    0x0, 0xe, 0xff, 0xd0, 0x2f, 0xff, 0x20, 0x5f,
    0xff, 0x0, 0xff, 0xfb, 0x0, 0x0, 0xa, 0xff,
    0xf1, 0x7f, 0xfe, 0x0, 0x1f, 0xff, 0x33, 0xff,
    0xf7, 0x0, 0x0, 0x6, 0xff, 0xf4, 0xbf, 0xfa,
    0x0, 0xc, 0xff, 0x77, 0xff, 0xf3, 0x0, 0x0,
    0x2, 0xff, 0xf7, 0xef, 0xf5, 0x0, 0x8, 0xff,
    0xba, 0xff, 0xf0, 0x0, 0x0, 0x0, 0xef, 0xfc,
    0xff, 0xf1, 0x0, 0x4, 0xff, 0xee, 0xff, 0xb0,
    0x0, 0x0, 0x0, 0x9f, 0xff, 0xff, 0xd0, 0x0,
    0x0, 0xff, 0xff, 0xff, 0x60, 0x0, 0x0, 0x0,
    0x5f, 0xff, 0xff, 0x90, 0x0, 0x0, 0xcf, 0xff,
    0xff, 0x20, 0x0, 0x0, 0x0, 0x1f, 0xff, 0xff,
    0x50, 0x0, 0x0, 0x8f, 0xff, 0xfe, 0x0, 0x0,
    0x0, 0x0, 0xd, 0xff, 0xff, 0x10, 0x0, 0x0,
    0x4f, 0xff, 0xfa, 0x0, 0x0,

    /* U+0078 "x" */
    0x2f, 0xff, 0xf9, 0x0, 0x0, 0x0, 0xdf, 0xff,
    0xd0, 0x6, 0xff, 0xff, 0x30, 0x0, 0x8, 0xff,
    0xff, 0x20, 0x0, 0xbf, 0xff, 0xd0, 0x0, 0x2f,
    0xff, 0xf6, 0x0, 0x0, 0x1e, 0xff, 0xf8, 0x0,
    0xcf, 0xff, 0xb0, 0x0, 0x0, 0x4, 0xff, 0xff,
    0x27, 0xff, 0xfe, 0x10, 0x0, 0x0, 0x0, 0x8f,
    0xff, 0xdf, 0xff, 0xf4, 0x0, 0x0, 0x0, 0x0,
    0xc, 0xff, 0xff, 0xff, 0x80, 0x0, 0x0, 0x0,
    0x0, 0x2, 0xff, 0xff, 0xfc, 0x0, 0x0, 0x0,
    0x0, 0x0, 0x0, 0xcf, 0xff, 0xf9, 0x0, 0x0,
    0x0, 0x0, 0x0, 0x7, 0xff, 0xff, 0xff, 0x40,
    0x0, 0x0, 0x0, 0x0, 0x3f, 0xff, 0xff, 0xff,
    0xe1, 0x0, 0x0, 0x0, 0x0, 0xdf, 0xff, 0x6b,
    0xff, 0xfa, 0x0, 0x0, 0x0, 0x9, 0xff, 0xfc,
    0x2, 0xff, 0xff, 0x60, 0x0, 0x0, 0x5f, 0xff,
    0xf2, 0x0, 0x7f, 0xff, 0xf2, 0x0, 0x1, 0xef,
    0xff, 0x80, 0x0, 0xc, 0xff, 0xfc, 0x0, 0xb,
    0xff, 0xfd, 0x0, 0x0, 0x2, 0xff, 0xff, 0x80,
    0x6f, 0xff, 0xf3, 0x0, 0x0, 0x0, 0x8f, 0xff,
    0xf3,

    /* U+0079 "y" */
    0x8f, 0xff, 0xf1, 0x0, 0x0, 0x0, 0x1f, 0xff,
    0xf7, 0x2f, 0xff, 0xf6, 0x0, 0x0, 0x0, 0x6f,
    0xff, 0xf1, 0xc, 0xff, 0xfb, 0x0, 0x0, 0x0,
    0xbf, 0xff, 0xb0, 0x6, 0xff, 0xff, 0x0, 0x0,
    0x0, 0xff, 0xff, 0x50, 0x0, 0xff, 0xff, 0x50,
    0x0, 0x5, 0xff, 0xfe, 0x0, 0x0, 0x9f, 0xff,
    0xb0, 0x0, 0xa, 0xff, 0xf9, 0x0, 0x0, 0x3f,
    0xff, 0xf0, 0x0, 0xe, 0xff, 0xf3, 0x0, 0x0,
    0xd, 0xff, 0xf5, 0x0, 0x4f, 0xff, 0xd0, 0x0,
    0x0, 0x6, 0xff, 0xfa, 0x0, 0x8f, 0xff, 0x70,
    0x0, 0x0, 0x1, 0xff, 0xff, 0x0, 0xdf, 0xff,
    0x10, 0x0, 0x0, 0x0, 0xaf, 0xff, 0x41, 0xff,
    0xfb, 0x0, 0x0, 0x0, 0x0, 0x4f, 0xff, 0x95,
    0xff, 0xf6, 0x0, 0x0, 0x0, 0x0, 0xd, 0xff,
    0xda, 0xff, 0xf0, 0x0, 0x0, 0x0, 0x0, 0x7,
    0xff, 0xff, 0xff, 0xa0, 0x0, 0x0, 0x0, 0x0,
    0x1, 0xff, 0xff, 0xff, 0x40, 0x0, 0x0, 0x0,
    0x0, 0x0, 0xbf, 0xff, 0xfe, 0x0, 0x0, 0x0,
    0x0, 0x0, 0x0, 0x5f, 0xff, 0xf8, 0x0, 0x0,
    0x0, 0x0, 0x0, 0x0, 0x3f, 0xff, 0xf2, 0x0,
    0x0, 0x0, 0x0, 0x0, 0x0, 0xaf, 0xff, 0xc0,
    0x0, 0x0, 0x0, 0x0, 0x0, 0x3, 0xff, 0xff,
    0x50, 0x0, 0x0, 0x0, 0x1, 0x33, 0x6e, 0xff,
    0xfc, 0x0, 0x0, 0x0, 0x0, 0x5, 0xff, 0xff,
    0xff, 0xf3, 0x0, 0x0, 0x0, 0x0, 0x5, 0xff,
    0xff, 0xff, 0x50, 0x0, 0x0, 0x0, 0x0, 0x4,
    0xef, 0xfe, 0xa3, 0x0, 0x0, 0x0, 0x0, 0x0,

    /* U+007A "z" */
    0x1f, 0xff, 0xff, 0xff, 0xff, 0xff, 0xf1, 0x1f,
    0xff, 0xff, 0xff, 0xff, 0xff, 0xf1, 0x1f, 0xff,
    0xff, 0xff, 0xff, 0xff, 0xf1, 0x2, 0x22, 0x22,
    0x23, 0xff, 0xff, 0xc0, 0x0, 0x0, 0x0, 0xc,
    0xff, 0xfe, 0x10, 0x0, 0x0, 0x0, 0x8f, 0xff,
    0xf4, 0x0, 0x0, 0x0, 0x4, 0xff, 0xff, 0x90,
    0x0, 0x0, 0x0, 0x1e, 0xff, 0xfc, 0x0, 0x0,
    0x0, 0x0, 0xbf, 0xff, 0xf2, 0x0, 0x0, 0x0,
    0x7, 0xff, 0xff, 0x50, 0x0, 0x0, 0x0, 0x3f,
    0xff, 0xfa, 0x0, 0x0, 0x0, 0x0, 0xdf, 0xff,
    0xd0, 0x0, 0x0, 0x0, 0xa, 0xff, 0xff, 0x30,
    0x0, 0x0, 0x0, 0x6f, 0xff, 0xf8, 0x22, 0x22,
    0x22, 0x22, 0xbf, 0xff, 0xff, 0xff, 0xff, 0xff,
    0xfd, 0xbf, 0xff, 0xff, 0xff, 0xff, 0xff, 0xfd,
    0xbf, 0xff, 0xff, 0xff, 0xff, 0xff, 0xfd,

    /* U+007B "{" */
    0x0, 0x0, 0x0, 0x8d, 0xff, 0xfc, 0x0, 0x0,
    0xd, 0xff, 0xff, 0xfc, 0x0, 0x0, 0x7f, 0xff,
    0xff, 0xfb, 0x0, 0x0, 0xcf, 0xff, 0xe4, 0x0,
    0x0, 0x0, 0xef, 0xff, 0x80, 0x0, 0x0, 0x0,
    0xef, 0xff, 0x40, 0x0, 0x0, 0x0, 0xef, 0xff,
    0x30, 0x0, 0x0, 0x0, 0xef, 0xff, 0x30, 0x0,
    0x0, 0x0, 0xef, 0xff, 0x30, 0x0, 0x0, 0x0,
    0xef, 0xff, 0x30, 0x0, 0x0, 0x0, 0xff, 0xff,
    0x30, 0x0, 0x0, 0x1, 0xff, 0xff, 0x20, 0x0,
    0x0, 0x7, 0xff, 0xff, 0x0, 0x0, 0x2, 0x7f,
    0xff, 0xf8, 0x0, 0x0, 0x7f, 0xff, 0xff, 0xa0,
    0x0, 0x0, 0x7f, 0xff, 0xf8, 0x0, 0x0, 0x0,
    0x7f, 0xff, 0xff, 0xc1, 0x0, 0x0, 0x2, 0x7f,
    0xff, 0xfa, 0x0, 0x0, 0x0, 0x6, 0xff, 0xff,
    0x0, 0x0, 0x0, 0x0, 0xff, 0xff, 0x20, 0x0,
    0x0, 0x0, 0xef, 0xff, 0x30, 0x0, 0x0, 0x0,
    0xef, 0xff, 0x30, 0x0, 0x0, 0x0, 0xef, 0xff,
    0x30, 0x0, 0x0, 0x0, 0xef, 0xff, 0x30, 0x0,
    0x0, 0x0, 0xef, 0xff, 0x40, 0x0, 0x0, 0x0,
    0xef, 0xff, 0x70, 0x0, 0x0, 0x0, 0xcf, 0xff,
    0xe4, 0x0, 0x0, 0x0, 0x8f, 0xff, 0xff, 0xfb,
    0x0, 0x0, 0xd, 0xff, 0xff, 0xfc, 0x0, 0x0,
    0x1, 0x8d, 0xff, 0xfc,

    /* U+007C "|" */
    0x9f, 0xff, 0x89, 0xff, 0xf8, 0x9f, 0xff, 0x89,
    0xff, 0xf8, 0x9f, 0xff, 0x89, 0xff, 0xf8, 0x9f,
    0xff, 0x89, 0xff, 0xf8, 0x9f, 0xff, 0x89, 0xff,
    0xf8, 0x9f, 0xff, 0x89, 0xff, 0xf8, 0x9f, 0xff,
    0x89, 0xff, 0xf8, 0x9f, 0xff, 0x89, 0xff, 0xf8,
    0x9f, 0xff, 0x89, 0xff, 0xf8, 0x9f, 0xff, 0x89,
    0xff, 0xf8, 0x9f, 0xff, 0x89, 0xff, 0xf8, 0x9f,
    0xff, 0x89, 0xff, 0xf8, 0x9f, 0xff, 0x89, 0xff,
    0xf8, 0x9f, 0xff, 0x89, 0xff, 0xf8, 0x9f, 0xff,
    0x89, 0xff, 0xf8,

    /* U+007D "}" */
    0x5f, 0xff, 0xeb, 0x30, 0x0, 0x0, 0x5f, 0xff,
    0xff, 0xf5, 0x0, 0x0, 0x4f, 0xff, 0xff, 0xfe,
    0x0, 0x0, 0x0, 0x1b, 0xff, 0xff, 0x30, 0x0,
    0x0, 0x1, 0xff, 0xff, 0x50, 0x0, 0x0, 0x0,
    0xdf, 0xff, 0x50, 0x0, 0x0, 0x0, 0xcf, 0xff,
    0x50, 0x0, 0x0, 0x0, 0xcf, 0xff, 0x50, 0x0,
    0x0, 0x0, 0xcf, 0xff, 0x50, 0x0, 0x0, 0x0,
    0xcf, 0xff, 0x50, 0x0, 0x0, 0x0, 0xcf, 0xff,
    0x60, 0x0, 0x0, 0x0, 0xbf, 0xff, 0x80, 0x0,
    0x0, 0x0, 0x8f, 0xff, 0xe0, 0x0, 0x0, 0x0,
    0x2f, 0xff, 0xfb, 0x41, 0x0, 0x0, 0x4, 0xff,
    0xff, 0xff, 0x0, 0x0, 0x0, 0x3e, 0xff, 0xff,
    0x0, 0x0, 0x7, 0xff, 0xff, 0xff, 0x0, 0x0,
    0x3f, 0xff, 0xfa, 0x30, 0x0, 0x0, 0x9f, 0xff,
    0xd0, 0x0, 0x0, 0x0, 0xbf, 0xff, 0x70, 0x0,
    0x0, 0x0, 0xcf, 0xff, 0x50, 0x0, 0x0, 0x0,
    0xcf, 0xff, 0x50, 0x0, 0x0, 0x0, 0xcf, 0xff,
    0x50, 0x0, 0x0, 0x0, 0xcf, 0xff, 0x50, 0x0,
    0x0, 0x0, 0xdf, 0xff, 0x50, 0x0, 0x0, 0x1,
    0xff, 0xff, 0x50, 0x0, 0x0, 0x1a, 0xff, 0xff,
    0x30, 0x0, 0x5f, 0xff, 0xff, 0xfe, 0x0, 0x0,
    0x5f, 0xff, 0xff, 0xf5, 0x0, 0x0, 0x5f, 0xff,
    0xfb, 0x40, 0x0, 0x0,

    /* U+007E "~" */
    0x6, 0xbe, 0xfe, 0xc7, 0x30, 0x0, 0x0, 0x0,
    0x3a, 0xff, 0xff, 0xff, 0xff, 0xd9, 0x53, 0x48,
    0xe7, 0xbf, 0xff, 0xff, 0xff, 0xff, 0xff, 0xff,
    0xff, 0x7b, 0xd7, 0x44, 0x59, 0xef, 0xff, 0xff,
    0xff, 0xf6, 0x40, 0x0, 0x0, 0x0, 0x38, 0xcf,
    0xfe, 0xb5, 0x0
};


/*---------------------
 *  GLYPH DESCRIPTION
 *--------------------*/

static const lv_font_fmt_txt_glyph_dsc_t glyph_dsc[] = {
    {.bitmap_index = 0, .adv_w = 0, .box_w = 0, .box_h = 0, .ofs_x = 0, .ofs_y = 0} /* id = 0 reserved */,
    {.bitmap_index = 0, .adv_w = 142, .box_w = 0, .box_h = 0, .ofs_x = 0, .ofs_y = 0},
    {.bitmap_index = 0, .adv_w = 171, .box_w = 5, .box_h = 22, .ofs_x = 3, .ofs_y = 0},
    {.bitmap_index = 55, .adv_w = 243, .box_w = 12, .box_h = 8, .ofs_x = 2, .ofs_y = 14},
    {.bitmap_index = 103, .adv_w = 285, .box_w = 18, .box_h = 22, .ofs_x = 0, .ofs_y = 0},
    {.bitmap_index = 301, .adv_w = 285, .box_w = 18, .box_h = 26, .ofs_x = 0, .ofs_y = -3},
    {.bitmap_index = 535, .adv_w = 455, .box_w = 28, .box_h = 22, .ofs_x = 0, .ofs_y = 0},
    {.bitmap_index = 843, .adv_w = 370, .box_w = 22, .box_h = 22, .ofs_x = 1, .ofs_y = 0},
    {.bitmap_index = 1085, .adv_w = 122, .box_w = 5, .box_h = 8, .ofs_x = 1, .ofs_y = 14},
    {.bitmap_index = 1105, .adv_w = 171, .box_w = 10, .box_h = 30, .ofs_x = 1, .ofs_y = -7},
    {.bitmap_index = 1255, .adv_w = 171, .box_w = 10, .box_h = 30, .ofs_x = 0, .ofs_y = -7},
    {.bitmap_index = 1405, .adv_w = 199, .box_w = 13, .box_h = 12, .ofs_x = 0, .ofs_y = 10},
    {.bitmap_index = 1483, .adv_w = 299, .box_w = 17, .box_h = 17, .ofs_x = 1, .ofs_y = 2},
    {.bitmap_index = 1628, .adv_w = 142, .box_w = 5, .box_h = 10, .ofs_x = 2, .ofs_y = -5},
    {.bitmap_index = 1653, .adv_w = 171, .box_w = 9, .box_h = 4, .ofs_x = 1, .ofs_y = 6},
    {.bitmap_index = 1671, .adv_w = 142, .box_w = 5, .box_h = 5, .ofs_x = 2, .ofs_y = 0},
    {.bitmap_index = 1684, .adv_w = 142, .box_w = 9, .box_h = 24, .ofs_x = 0, .ofs_y = -1},
    {.bitmap_index = 1792, .adv_w = 285, .box_w = 16, .box_h = 22, .ofs_x = 1, .ofs_y = 0},
    {.bitmap_index = 1968, .adv_w = 285, .box_w = 15, .box_h = 22, .ofs_x = 2, .ofs_y = 0},
    {.bitmap_index = 2133, .adv_w = 285, .box_w = 16, .box_h = 22, .ofs_x = 1, .ofs_y = 0},
    {.bitmap_index = 2309, .adv_w = 285, .box_w = 17, .box_h = 22, .ofs_x = 0, .ofs_y = 0},
    {.bitmap_index = 2496, .adv_w = 285, .box_w = 18, .box_h = 22, .ofs_x = 0, .ofs_y = 0},
    {.bitmap_index = 2694, .adv_w = 285, .box_w = 17, .box_h = 22, .ofs_x = 0, .ofs_y = 0},
    {.bitmap_index = 2881, .adv_w = 285, .box_w = 16, .box_h = 22, .ofs_x = 1, .ofs_y = 0},
    {.bitmap_index = 3057, .adv_w = 285, .box_w = 16, .box_h = 22, .ofs_x = 1, .ofs_y = 0},
    {.bitmap_index = 3233, .adv_w = 285, .box_w = 16, .box_h = 22, .ofs_x = 1, .ofs_y = 0},
    {.bitmap_index = 3409, .adv_w = 285, .box_w = 16, .box_h = 22, .ofs_x = 1, .ofs_y = 0},
    {.bitmap_index = 3585, .adv_w = 171, .box_w = 5, .box_h = 16, .ofs_x = 3, .ofs_y = 0},
    {.bitmap_index = 3625, .adv_w = 171, .box_w = 5, .box_h = 21, .ofs_x = 3, .ofs_y = -5},
    {.bitmap_index = 3678, .adv_w = 299, .box_w = 17, .box_h = 18, .ofs_x = 1, .ofs_y = 1},
    {.bitmap_index = 3831, .adv_w = 299, .box_w = 17, .box_h = 12, .ofs_x = 1, .ofs_y = 5},
    {.bitmap_index = 3933, .adv_w = 299, .box_w = 17, .box_h = 18, .ofs_x = 1, .ofs_y = 1},
    {.bitmap_index = 4086, .adv_w = 313, .box_w = 17, .box_h = 22, .ofs_x = 1, .ofs_y = 0},
    {.bitmap_index = 4273, .adv_w = 499, .box_w = 29, .box_h = 27, .ofs_x = 1, .ofs_y = -5},
    {.bitmap_index = 4665, .adv_w = 370, .box_w = 23, .box_h = 22, .ofs_x = 0, .ofs_y = 0},
    {.bitmap_index = 4918, .adv_w = 370, .box_w = 20, .box_h = 22, .ofs_x = 2, .ofs_y = 0},
    {.bitmap_index = 5138, .adv_w = 370, .box_w = 22, .box_h = 22, .ofs_x = 1, .ofs_y = 0},
    {.bitmap_index = 5380, .adv_w = 370, .box_w = 20, .box_h = 22, .ofs_x = 2, .ofs_y = 0},
    {.bitmap_index = 5600, .adv_w = 342, .box_w = 19, .box_h = 22, .ofs_x = 2, .ofs_y = 0},
    {.bitmap_index = 5809, .adv_w = 313, .box_w = 17, .box_h = 22, .ofs_x = 2, .ofs_y = 0},
    {.bitmap_index = 5996, .adv_w = 398, .box_w = 22, .box_h = 22, .ofs_x = 1, .ofs_y = 0},
    {.bitmap_index = 6238, .adv_w = 370, .box_w = 19, .box_h = 22, .ofs_x = 2, .ofs_y = 0},
    {.bitmap_index = 6447, .adv_w = 142, .box_w = 5, .box_h = 22, .ofs_x = 2, .ofs_y = 0},
    {.bitmap_index = 6502, .adv_w = 285, .box_w = 16, .box_h = 22, .ofs_x = 0, .ofs_y = 0},
    {.bitmap_index = 6678, .adv_w = 370, .box_w = 21, .box_h = 22, .ofs_x = 2, .ofs_y = 0},
    {.bitmap_index = 6909, .adv_w = 313, .box_w = 17, .box_h = 22, .ofs_x = 2, .ofs_y = 0},
    {.bitmap_index = 7096, .adv_w = 427, .box_w = 23, .box_h = 22, .ofs_x = 2, .ofs_y = 0},
    {.bitmap_index = 7349, .adv_w = 370, .box_w = 19, .box_h = 22, .ofs_x = 2, .ofs_y = 0},
    {.bitmap_index = 7558, .adv_w = 398, .box_w = 23, .box_h = 22, .ofs_x = 1, .ofs_y = 0},
    {.bitmap_index = 7811, .adv_w = 342, .box_w = 19, .box_h = 22, .ofs_x = 2, .ofs_y = 0},
    {.bitmap_index = 8020, .adv_w = 398, .box_w = 23, .box_h = 29, .ofs_x = 1, .ofs_y = -7},
    {.bitmap_index = 8354, .adv_w = 370, .box_w = 21, .box_h = 22, .ofs_x = 2, .ofs_y = 0},
    {.bitmap_index = 8585, .adv_w = 342, .box_w = 21, .box_h = 22, .ofs_x = 0, .ofs_y = 0},
    {.bitmap_index = 8816, .adv_w = 313, .box_w = 20, .box_h = 22, .ofs_x = 0, .ofs_y = 0},
    {.bitmap_index = 9036, .adv_w = 370, .box_w = 21, .box_h = 22, .ofs_x = 1, .ofs_y = 0},
    {.bitmap_index = 9267, .adv_w = 342, .box_w = 22, .box_h = 22, .ofs_x = 0, .ofs_y = 0},
    {.bitmap_index = 9509, .adv_w = 483, .box_w = 31, .box_h = 22, .ofs_x = 0, .ofs_y = 0},
    {.bitmap_index = 9850, .adv_w = 342, .box_w = 22, .box_h = 22, .ofs_x = 0, .ofs_y = 0},
    {.bitmap_index = 10092, .adv_w = 342, .box_w = 21, .box_h = 22, .ofs_x = 0, .ofs_y = 0},
    {.bitmap_index = 10323, .adv_w = 313, .box_w = 19, .box_h = 22, .ofs_x = 0, .ofs_y = 0},
    {.bitmap_index = 10532, .adv_w = 171, .box_w = 10, .box_h = 30, .ofs_x = 1, .ofs_y = -7},
    {.bitmap_index = 10682, .adv_w = 142, .box_w = 9, .box_h = 24, .ofs_x = 0, .ofs_y = -1},
    {.bitmap_index = 10790, .adv_w = 171, .box_w = 9, .box_h = 30, .ofs_x = 0, .ofs_y = -7},
    {.bitmap_index = 10925, .adv_w = 299, .box_w = 18, .box_h = 14, .ofs_x = 0, .ofs_y = 8},
    {.bitmap_index = 11051, .adv_w = 285, .box_w = 20, .box_h = 3, .ofs_x = -1, .ofs_y = -5},
    {.bitmap_index = 11081, .adv_w = 171, .box_w = 8, .box_h = 5, .ofs_x = 1, .ofs_y = 18},
    {.bitmap_index = 11101, .adv_w = 285, .box_w = 18, .box_h = 17, .ofs_x = 0, .ofs_y = 0},
    {.bitmap_index = 11254, .adv_w = 313, .box_w = 17, .box_h = 23, .ofs_x = 2, .ofs_y = 0},
    {.bitmap_index = 11450, .adv_w = 285, .box_w = 16, .box_h = 17, .ofs_x = 1, .ofs_y = 0},
    {.bitmap_index = 11586, .adv_w = 313, .box_w = 17, .box_h = 23, .ofs_x = 1, .ofs_y = 0},
    {.bitmap_index = 11782, .adv_w = 285, .box_w = 16, .box_h = 17, .ofs_x = 1, .ofs_y = 0},
    {.bitmap_index = 11918, .adv_w = 171, .box_w = 11, .box_h = 23, .ofs_x = 0, .ofs_y = 0},
    {.bitmap_index = 12045, .adv_w = 313, .box_w = 17, .box_h = 24, .ofs_x = 1, .ofs_y = -7},
    {.bitmap_index = 12249, .adv_w = 313, .box_w = 16, .box_h = 23, .ofs_x = 2, .ofs_y = 0},
    {.bitmap_index = 12433, .adv_w = 142, .box_w = 5, .box_h = 23, .ofs_x = 2, .ofs_y = 0},
    {.bitmap_index = 12491, .adv_w = 142, .box_w = 8, .box_h = 30, .ofs_x = -1, .ofs_y = -7},
    {.bitmap_index = 12611, .adv_w = 285, .box_w = 16, .box_h = 23, .ofs_x = 2, .ofs_y = 0},
    {.bitmap_index = 12795, .adv_w = 142, .box_w = 5, .box_h = 23, .ofs_x = 2, .ofs_y = 0},
    {.bitmap_index = 12853, .adv_w = 455, .box_w = 25, .box_h = 17, .ofs_x = 2, .ofs_y = 0},
    {.bitmap_index = 13066, .adv_w = 313, .box_w = 16, .box_h = 17, .ofs_x = 2, .ofs_y = 0},
    {.bitmap_index = 13202, .adv_w = 313, .box_w = 18, .box_h = 17, .ofs_x = 1, .ofs_y = 0},
    {.bitmap_index = 13355, .adv_w = 313, .box_w = 17, .box_h = 24, .ofs_x = 2, .ofs_y = -7},
    {.bitmap_index = 13559, .adv_w = 313, .box_w = 17, .box_h = 24, .ofs_x = 1, .ofs_y = -7},
    {.bitmap_index = 13763, .adv_w = 199, .box_w = 10, .box_h = 17, .ofs_x = 2, .ofs_y = 0},
    {.bitmap_index = 13848, .adv_w = 285, .box_w = 16, .box_h = 17, .ofs_x = 1, .ofs_y = 0},
    {.bitmap_index = 13984, .adv_w = 171, .box_w = 11, .box_h = 21, .ofs_x = 0, .ofs_y = 0},
    {.bitmap_index = 14100, .adv_w = 313, .box_w = 17, .box_h = 17, .ofs_x = 1, .ofs_y = 0},
    {.bitmap_index = 14245, .adv_w = 285, .box_w = 18, .box_h = 17, .ofs_x = 0, .ofs_y = 0},
    {.bitmap_index = 14398, .adv_w = 398, .box_w = 26, .box_h = 17, .ofs_x = -1, .ofs_y = 0},
    {.bitmap_index = 14619, .adv_w = 285, .box_w = 18, .box_h = 17, .ofs_x = 0, .ofs_y = 0},
    {.bitmap_index = 14772, .adv_w = 285, .box_w = 18, .box_h = 24, .ofs_x = 0, .ofs_y = -7},
    {.bitmap_index = 14988, .adv_w = 256, .box_w = 14, .box_h = 17, .ofs_x = 1, .ofs_y = 0},
    {.bitmap_index = 15107, .adv_w = 199, .box_w = 12, .box_h = 30, .ofs_x = 0, .ofs_y = -7},
    {.bitmap_index = 15287, .adv_w = 143, .box_w = 5, .box_h = 30, .ofs_x = 2, .ofs_y = -7},
    {.bitmap_index = 15362, .adv_w = 199, .box_w = 12, .box_h = 30, .ofs_x = 0, .ofs_y = -7},
    {.bitmap_index = 15542, .adv_w = 299, .box_w = 17, .box_h = 5, .ofs_x = 1, .ofs_y = 8}
};

/*---------------------
 *  CHARACTER MAPPING
 *--------------------*/



/*Collect the unicode lists and glyph_id offsets*/
static const lv_font_fmt_txt_cmap_t cmaps[] =
{
    {
        .range_start = 32, .range_length = 95, .glyph_id_start = 1,
        .unicode_list = NULL, .glyph_id_ofs_list = NULL, .list_length = 0, .type = LV_FONT_FMT_TXT_CMAP_FORMAT0_TINY
    }
};



/*--------------------
 *  ALL CUSTOM DATA
 *--------------------*/

#if LVGL_VERSION_MAJOR == 8
/*Store all the custom data of the font*/
static  lv_font_fmt_txt_glyph_cache_t cache;
#endif

#if LVGL_VERSION_MAJOR >= 8
static const lv_font_fmt_txt_dsc_t font_dsc = {
#else
static lv_font_fmt_txt_dsc_t font_dsc = {
#endif
    .glyph_bitmap = glyph_bitmap,
    .glyph_dsc = glyph_dsc,
    .cmaps = cmaps,
    .kern_dsc = NULL,
    .kern_scale = 0,
    .cmap_num = 1,
    .bpp = 4,
    .kern_classes = 0,
    .bitmap_format = 0,
#if LVGL_VERSION_MAJOR == 8
    .cache = &cache
#endif
};



/*-----------------
 *  PUBLIC FONT
 *----------------*/

/*Initialize a public general font descriptor*/
#if LVGL_VERSION_MAJOR >= 8
const lv_font_t ui_font_LiberstionSansBold_32_MPH = {
#else
lv_font_t ui_font_LiberstionSansBold_32_MPH = {
#endif
    .get_glyph_dsc = lv_font_get_glyph_dsc_fmt_txt,    /*Function pointer to get glyph's data*/
    .get_glyph_bitmap = lv_font_get_bitmap_fmt_txt,    /*Function pointer to get glyph's bitmap*/
    .line_height = 30,          /*The maximum line height required by the font*/
    .base_line = 7,             /*Baseline measured from the bottom of the line*/
#if !(LVGL_VERSION_MAJOR == 6 && LVGL_VERSION_MINOR == 0)
    .subpx = LV_FONT_SUBPX_NONE,
#endif
#if LV_VERSION_CHECK(7, 4, 0) || LVGL_VERSION_MAJOR >= 8
    .underline_position = 0,
    .underline_thickness = 3,
#endif
    .dsc = &font_dsc,          /*The custom font data. Will be accessed by `get_glyph_bitmap/dsc` */
#if LV_VERSION_CHECK(8, 2, 0) || LVGL_VERSION_MAJOR >= 9
    .fallback = NULL,
#endif
    .user_data = NULL,
};



#endif /*#if UI_FONT_LIBERSTIONSANSBOLD_32_MPH*/

